idCrime,dataCrime,numeroArtigo,lugarCrime,descricaoCrime,marcaCelular
1493,28/02/2021,157,SAO PAULO,ROUBO (ART. 157) - INTERIOR ESTABELECIMENTO,LG
182,30/11/2018,,SAO PAULO,FURTO (ART. 155) - OUTROS,MOTOROLA
1488,03/01/2021,157,BATATAIS,ROUBO (ART. 157) - CONDOMINIO RESIDENCIAL,XIAOMI
1298,29/11/2021,155,SAO CAETANO DO SUL,FURTO (ART. 155) - INTERIOR ESTABELECIMENTO,SAMSUNG
665,09/01/2019,157,SAO PAULO,ROUBO (ART. 157) - TRANSEUNTE,APPLE
1389,03/01/2021,157,SAO PAULO,ROUBO (ART. 157) - OUTROS,ASUS
536,25/12/2018,155,RIBEIRAO PRETO,FURTO (ART. 155) - VEICULO,APPLE
1337,12/01/2021,,,,MOTOROLA
1170,25/11/2021,155,OSASCO,FURTO (ART. 155) - OUTROS,LG
216,30/04/2018,,SAO PAULO,ROUBO (ART. 157) - TRANSEUNTE,QUANTUM
4,16/11/2018,155,SOROCABA,FURTO (ART. 155) - OUTROS,SAMSUNG
127,30/11/2018,155,SAO BERNARDO DO CAMPO,,LENOVO
304,05/01/2018,157,SUZANO,,ASUS
554,31/01/2019,155,SAO PAULO,FURTO (ART. 155) - TRANSEUNTE,ASUS
1414,03/01/2021,157,SAO BERNARDO DO CAMPO,ROUBO (ART. 157) - OUTROS,SAMSUNG
564,31/01/2019,155,SAO PAULO,FURTO (ART. 155) - INTERIOR DE VEICULO,APPLE
178,23/11/2018,,EMBU DAS ARTES,FURTO (ART. 155) - OUTROS,MOTOROLA
91,30/11/2018,155,SAO PAULO,,APPLE
1107,29/08/2020,155,RIBEIRAO PRETO,FURTO (ART. 155) - OUTROS,MOTOROLA
933,31/12/2019,157,SAO PAULO,ROUBO (ART. 157) - OUTROS,OUTROS
862,01/01/2020,157,DIADEMA,ROUBO (ART. 157) - TRANSEUNTE,SAMSUNG
599,31/08/2019,157,CARAPICUIBA,ROUBO (ART. 157) - INTERIOR ESTABELECIMENTO,SAMSUNG
1135,31/08/2020,155,SAO PAULO,FURTO (ART. 155) - OUTROS,MOTOROLA
308,30/04/2018,157,SAO PAULO,,SAMSUNG
1520,28/02/2021,157,JUNDIAI,ROUBO (ART. 157) - TRANSEUNTE,SAMSUNG
691,31/08/2019,,,ROUBO (ART. 157) - OUTROS,SAMSUNG
955,31/08/2020,155,SAO PAULO,FURTO (ART. 155) - OUTROS,MOTOROLA
50,30/11/2018,155,,FURTO (ART. 155) - OUTROS,SAMSUNG
925,01/01/2020,157,UBATUBA,ROUBO (ART. 157) - TRANSEUNTE,APPLE
609,09/01/2019,157,SAO PAULO,ROUBO (ART. 157) - VEICULO,SAMSUNG
228,30/04/2018,,,,
966,31/08/2020,155,FRANCO DA ROCHA,FURTO (ART. 155) - OUTROS,SAMSUNG
886,01/01/2020,157,ITAQUAQUECETUBA,ROUBO (ART. 157) - VEICULO,LG
1513,03/01/2021,157,SANTO ANDRE,ROUBO (ART. 157) - OUTROS,SAMSUNG
1531,28/02/2021,157,SAO PAULO,ROUBO (ART. 157) - OUTROS,MOTOROLA
689,09/01/2019,,,ROUBO (ART. 157) - OUTROS,SAMSUNG
1218,30/11/2021,155,SAO PAULO,FURTO (ART. 155) - OUTROS,XIAOMI
1238,30/11/2021,155,SAO PAULO,FURTO (ART. 155) - OUTROS,SAMSUNG
1321,12/01/2021,,,,APPLE
545,31/01/2019,171,SANTO ANDRE,ESTELIONATO (ART. 171),
321,05/01/2018,157,CARAPICUIBA,ROUBO (ART. 157) - TRANSEUNTE,LG
1217,24/11/2021,155,SAO PAULO,FURTO (ART. 155) - OUTROS,SAMSUNG
1490,03/01/2021,157,SAO PAULO,ROUBO (ART. 157) - TRANSEUNTE,MOTOROLA
463,31/01/2019,155,SAO PAULO,A.I.-FURTO QUALIFICADO (ART. 155) - TRANSEUNTE,APPLE
1047,26/08/2020,155,SAO PAULO,FURTO (ART. 155) - INTERIOR TRANSPORTE COLETIVO,SAMSUNG
620,30/08/2019,157,SAO JOSE DOS CAMPOS,ROUBO (ART. 157) - OUTROS,MOTOROLA
1265,28/11/2021,155,SAO PAULO,FURTO (ART. 155) - OUTROS,APPLE
603,31/08/2019,157,SANTO ANDRE,ROUBO (ART. 157) - OUTROS,SAMSUNG
166,30/11/2018,,SAO PAULO,FURTO (ART. 155) - OUTROS,
132,12/01/2018,155,SAO PAULO,,
1168,30/11/2021,155,SAO PAULO,FURTO (ART. 155) - TRANSEUNTE,SAMSUNG
611,31/08/2019,157,SAO PAULO,ROUBO (ART. 157) - OUTROS,SAMSUNG
894,31/12/2019,157,SANTO ANDRE,ROUBO (ART. 157) - TRANSEUNTE,SAMSUNG
1311,12/01/2021,155,SAO PAULO,FURTO (ART. 155) - OUTROS,MOTOROLA
472,31/01/2019,155,SAO PAULO,FURTO (ART. 155) - OUTROS,MOTOROLA
1495,25/02/2021,157,SAO PAULO,ROUBO (ART. 157) - VEICULO,LG
1280,30/11/2021,155,SAO PAULO,FURTO (ART. 155) - OUTROS,SAMSUNG
517,27/01/2019,155,FRANCO DA ROCHA,FURTO (ART. 155) - RESIDENCIA,MOTOROLA
245,30/04/2018,157,SAO PAULO,,XIAOMI
1499,28/02/2021,157,PINDAMONHANGABA,ROUBO (ART. 157) - TRANSEUNTE,SAMSUNG
885,31/12/2019,157,SAO PAULO,ROUBO (ART. 157) - TRANSEUNTE,SAMSUNG
191,12/01/2018,,DRACENA,FURTO (ART. 155) - OUTROS,XIAOMI
101,30/11/2018,155,SAO PAULO,,APPLE
85,29/11/2018,155,TATUI,,SAMSUNG
326,30/04/2018,157,SANTOS,ROUBO (ART. 157) - TRANSEUNTE,MOTOROLA
231,21/04/2018,,,,
1409,03/01/2021,157,SAO PAULO,ROUBO (ART. 157) - OUTROS,APPLE
584,30/08/2019,157,SANTO ANDRE,ROUBO (ART. 157) - OUTROS,SAMSUNG
140,30/11/2018,155,SAO PAULO,FURTO (ART. 155) - COLETIVO,
1449,03/01/2021,157,SANTOS,ROUBO (ART. 157) - TRANSEUNTE,OUTROS
1054,30/08/2020,155,SAO PAULO,FURTO (ART. 155) - OUTROS,MOTOROLA
608,17/08/2019,157,SAO PAULO,ROUBO (ART. 157) - INTERIOR DE VEICULO,SAMSUNG
99,12/01/2018,155,SAO PAULO,,MOTOROLA
507,31/01/2019,155,CAMPINAS,FURTO (ART. 155) - OUTROS,MOTOROLA
698,31/08/2019,,,ROUBO (ART. 157) - TRANSEUNTE,SAMSUNG
1208,30/11/2021,155,SAO PAULO,FURTO (ART. 155) - OUTROS,SAMSUNG
1466,25/02/2021,157,SAO PAULO,ROUBO (ART. 157) - TRANSEUNTE,LG
728,31/08/2019,157,SAO PAULO,ROUBO (ART. 157) - VEICULO,
206,30/04/2018,,SAO PAULO,ROUBO (ART. 157) - TRANSEUNTE,MOTOROLA
534,28/01/2019,155,COSMOPOLIS,FURTO (ART. 155) - OUTROS,SAMSUNG
441,31/01/2019,155,SAO PAULO,FURTO (ART. 155) - OUTROS,SAMSUNG
1173,24/11/2021,155,SAO PAULO,FURTO (ART. 155) - OUTROS,ASUS
643,31/08/2019,157,SAO CRUZ DO RIO PARDO,ROUBO (ART. 157) - CARGA,SAMSUNG
478,30/01/2019,155,SAO PAULO,FURTO (ART. 155) - OUTROS,MOTOROLA
65,25/11/2018,155,,FURTO QUALIFICADO (ART. 155) - INTERIOR DE VEICULO,SAMSUNG
596,31/08/2019,157,EMBU DAS ARTES,ROUBO (ART. 157) - TRANSEUNTE,MOTOROLA
343,30/04/2018,157,DIADEMA,ROUBO (ART. 157) - INTERIOR DE VEICULO,SAMSUNG
1045,31/08/2020,155,ARACATUBA,FURTO (ART. 155) - INTERIOR DE VEICULO,OUTROS
76,30/11/2018,155,,,SAMSUNG
1501,23/02/2021,157,SAO CRUZ DO RIO PARDO,ROUBO (ART. 157) - OUTROS,MOTOROLA
251,30/04/2018,157,SAO PAULO,,MOTOROLA
443,02/01/2019,155,MARILIA,FURTO QUALIFICADO (ART. 155) - ESTABELECIMENTO COMERCIAL,OUTROS
358,29/04/2018,157,SAO PAULO,ROUBO (ART. 157) - TRANSEUNTE,SAMSUNG
1268,27/11/2021,155,SAO PAULO,FURTO (ART. 155) - OUTROS,SAMSUNG
131,30/11/2018,155,SAO PAULO,,SAMSUNG
1504,26/02/2021,157,SAO PAULO,ROUBO (ART. 157) - TRANSEUNTE,SAMSUNG
275,30/04/2018,157,CAMPINAS,,IPHONE
1193,28/11/2021,155,JAGUARIUNA,FURTO (ART. 155) - OUTROS,XIAOMI
715,09/01/2019,157,GUARUJA,ROUBO (ART. 157) - TRANSEUNTE,
731,31/08/2019,157,SOROCABA,ROUBO (ART. 157) - OUTROS,
1073,31/08/2020,155,SAO PAULO,FURTO (ART. 155) - TRANSEUNTE,OUTROS
555,31/01/2019,155,SAO BERNARDO DO CAMPO,FURTO (ART. 155) - INTERIOR ESTABELECIMENTO,SAMSUNG
1473,03/01/2021,157,,,MOTOROLA
907,01/01/2020,157,SAO PAULO,ROUBO (ART. 157) - TRANSEUNTE,ASUS
1056,09/01/2020,155,GUARATINGUETA,FURTO (ART. 155) - OUTROS,MOTOROLA
402,31/01/2019,155,SAO PAULO,FURTO (ART. 155) - OUTROS,SAMSUNG
1478,28/02/2021,157,,,
944,01/01/2020,157,SANTOS,ROUBO (ART. 157) - TRANSEUNTE,APPLE
41,30/11/2018,155,,FURTO (ART. 155) - OUTROS,LG
477,15/01/2019,155,SAO PAULO,FURTO (ART. 155) - RESIDENCIA,MOTOROLA
309,04/01/2018,157,SAO BERNARDO DO CAMPO,,SAMSUNG
493,30/01/2019,155,MOCOCA,FURTO (ART. 155) - RESIDENCIA,SAMSUNG
616,30/08/2019,157,VALINHOS,ROUBO (ART. 157) - OUTROS,SAMSUNG
1182,16/11/2021,155,SAO PAULO,FURTO (ART. 155) - OUTROS,SAMSUNG
1345,12/01/2021,155,SAO PAULO,FURTO (ART. 155) - OUTROS,SAMSUNG
364,30/04/2018,157,SAO PAULO,ROUBO (ART. 157) - VEICULO,ALCATEL
171,30/11/2018,,SAO VICENTE,FURTO (ART. 155) - OUTROS,
375,05/01/2018,157,HORTOLANDIA,ROUBO (ART. 157) - TRANSEUNTE,SAMSUNG
1105,25/01/2020,155,SAO PAULO,FURTO (ART. 155) - OUTROS,MOTOROLA
1049,09/01/2020,155,MIRASSOL,FURTO (ART. 155) - OUTROS,SAMSUNG
595,31/08/2019,157,SAO PAULO,ROUBO (ART. 157) - OUTROS,XIAOMI
437,31/01/2019,155,SAO PAULO,FURTO (ART. 155) - OUTROS,APPLE
936,01/01/2020,157,SANTOS,ROUBO (ART. 157) - OUTROS,OUTROS
816,31/12/2019,157,SAO PAULO,ROUBO (ART. 157) - OUTROS,SAMSUNG
480,31/01/2019,155,SAO PAULO,FURTO QUALIFICADO (ART. 155) - INTERIOR DE VEICULO,MOTOROLA
263,30/04/2018,157,SAO PAULO,,SONY
98,28/11/2018,155,MARILIA,,OUTROS
1163,28/11/2021,155,BARRETOS,FURTO (ART. 155) - OUTROS,SAMSUNG
1411,03/01/2021,157,CARAPICUIBA,ROUBO (ART. 157) - OUTROS,SONY
350,05/01/2018,157,SAO PAULO,ROUBO (ART. 157) - TRANSEUNTE,MOTOROLA
835,01/01/2020,,,,
223,30/04/2018,,,,
772,31/08/2019,157,SAO PAULO,ROUBO (ART. 157) - TRANSEUNTE,SAMSUNG
84,30/11/2018,155,SAO PAULO,,SAMSUNG
967,29/08/2020,155,SAO PAULO,FURTO (ART. 155) - OUTROS,APPLE
632,31/08/2019,157,SAO PAULO,ROUBO (ART. 157) - OUTROS,APPLE
1072,29/08/2020,155,SAO PAULO,FURTO (ART. 155) - OUTROS,MOTOROLA
284,30/04/2018,157,RIBEIRAO PRETO,,SAMSUNG
642,31/08/2019,157,SAO PAULO,ROUBO (ART. 157) - OUTROS,SAMSUNG
921,01/01/2020,157,SAO PAULO,ROUBO (ART. 157) - OUTROS,SAMSUNG
346,05/01/2018,157,SAO PAULO,ROUBO (ART. 157) - VEICULO,ASUS
677,31/08/2019,,,ROUBO (ART. 157) - OUTROS,APPLE
501,30/01/2019,155,SANTO ANDRE,FURTO (ART. 155) - OUTROS,MOTOROLA
959,29/08/2020,155,SAO PAULO,FURTO (ART. 155) - OUTROS,SAMSUNG
919,01/01/2020,157,RIBEIRAO PRETO,ROUBO (ART. 157) - VEICULO,SAMSUNG
803,31/12/2019,157,DIADEMA,ROUBO (ART. 157) - VEICULO,LG
21,30/11/2018,155,SAO PAULO,FURTO (ART. 155) - OUTROS,APPLE
1276,27/11/2021,155,SAO PAULO,FURTO (ART. 155) - OUTROS,APPLE
1393,28/02/2021,157,SAO PAULO,ROUBO (ART. 157) - INTERIOR TRANSPORTE COLETIVO,OUTROS
225,30/04/2018,,,,
405,31/01/2019,155,SAO PAULO,FURTO (ART. 155) - OUTROS,SAMSUNG
1435,03/01/2021,157,SAO PAULO,ROUBO (ART. 157) - TRANSEUNTE,MOTOROLA
563,30/01/2019,155,TUPA,FURTO (ART. 155) - RESIDENCIA,NOKIA
289,30/04/2018,157,SAO PAULO,,SAMSUNG
1335,26/11/2021,,,,SAMSUNG
762,09/01/2019,157,FERRAZ DE VASCONCELOS,ROUBO (ART. 157) - TRANSEUNTE,LG
319,29/04/2018,157,SAO PAULO,ROUBO (ART. 157) - TRANSEUNTE,APPLE
671,31/08/2019,157,GUARULHOS,ROUBO (ART. 157) - OUTROS,MOTOROLA
1115,08/12/2020,155,PRAIA GRANDE,FURTO (ART. 155) - TRANSEUNTE,SAMSUNG
6,30/11/2018,155,SAO JOSE DO RIO PRETO,FURTO (ART. 155) - ESTABELECIMENTO ENSINO,MOTOROLA
876,31/12/2019,157,SUZANO,ROUBO (ART. 157) - VEICULO,MICROSOFT
1180,29/11/2021,155,CACAPAVA,FURTO (ART. 155) - OUTROS,SAMSUNG
1166,29/11/2021,155,MAUA,FURTO (ART. 155) - OUTROS,XIAOMI
414,30/01/2019,155,SANTO ANDRE,FURTO (ART. 155) - OUTROS,APPLE
444,31/01/2019,155,SAO PAULO,FURTO (ART. 155) - OUTROS,SAMSUNG
88,30/11/2018,155,SAO JOSE DOS CAMPOS,,SAMSUNG
139,30/11/2018,155,OSASCO,FURTO (ART. 155) - OUTROS,
1033,27/08/2020,155,ARAMINA,FURTO (ART. 155) - OUTROS,MULTILASER
1528,28/02/2021,157,SAO PAULO,ROUBO (ART. 157) - VEICULO,ASUS
1165,29/11/2021,155,SAO PAULO,FURTO (ART. 155) - OUTROS,APPLE
769,09/01/2019,157,CAMPINAS,ROUBO (ART. 157) - OUTROS,LENOVO
29,30/11/2018,155,SAO PAULO,FURTO (ART. 155) - OUTROS,MOTOROLA
1529,28/02/2021,157,GUARUJA,ROUBO (ART. 157) - OUTROS,OUTROS
291,05/01/2018,157,EMBU-GUACU,,CUBOT
129,30/11/2018,155,SAO PAULO,,APPLE
1503,28/02/2021,157,CACAPAVA,ROUBO (ART. 157) - VEICULO,MOTOROLA
1476,26/02/2021,157,,,SAMSUNG
316,05/01/2018,157,SAO PAULO,ROUBO (ART. 157) - TRANSEUNTE,SAMSUNG
597,30/08/2019,157,SAO PAULO,ROUBO (ART. 157) - TRANSEUNTE,APPLE
389,31/01/2019,155,SAO PAULO,FURTO (ART. 155) - OUTROS,APPLE
488,02/01/2019,155,SAO PAULO,FURTO (ART. 155) - OUTROS,MOTOROLA
1336,12/01/2021,,,,SAMSUNG
575,31/01/2019,155,GUARULHOS,FURTO QUALIFICADO (ART. 155) - INTERIOR ESTABELECIMENTO,SAMSUNG
1028,31/08/2020,155,SAO BERNARDO DO CAMPO,FURTO (ART. 155) - OUTROS,SAMSUNG
260,30/04/2018,157,SAO PAULO,,APPLE
1439,28/02/2021,157,SAO PAULO,ROUBO (ART. 157) - INTERIOR DE VEICULO,APPLE
138,30/11/2018,155,SAO PAULO,FURTO (ART. 155) - OUTROS,
1204,30/01/2021,155,SAO PAULO,FURTO (ART. 155) - OUTROS,MOTOROLA
741,31/08/2019,157,SAO PAULO,ROUBO (ART. 157) - OUTROS,MOTOROLA
872,22/12/2019,157,FRANCISCO MORATO,ROUBO (ART. 157) - OUTROS,SAMSUNG
702,31/08/2019,157,SAO PAULO,ROUBO (ART. 157) - TRANSEUNTE,MOTOROLA
339,05/01/2018,157,CARAPICUIBA,ROUBO (ART. 157) - INTERIOR DE VEICULO,OUTROS
106,12/01/2018,155,TUPA,,OUTROS
247,30/04/2018,157,SAO PAULO,,SAMSUNG
552,30/01/2019,155,SOROCABA,FURTO (ART. 155) - OUTROS,SAMSUNG
684,09/01/2019,,,ROUBO (ART. 157) - OUTROS,MOTOROLA
725,29/08/2019,157,SAO PAULO,ROUBO (ART. 157) - OUTROS,
77,30/11/2018,155,,,SAMSUNG
859,31/12/2019,157,GUARULHOS,ROUBO (ART. 157) - VEICULO,LG
1500,25/02/2021,157,SAO PAULO,ROUBO (ART. 157) - OUTROS,LG
448,31/01/2019,155,SAO PAULO,FURTO (ART. 155) - OUTROS,XIAOMI
802,31/12/2019,157,DIADEMA,ROUBO (ART. 157) - VEICULO,LG
1470,03/01/2021,157,BATATAIS,ROUBO (ART. 157) - CONDOMINIO RESIDENCIAL,XIAOMI
404,31/01/2019,155,SAO PAULO,FURTO (ART. 155) - OUTROS,XIAOMI
1438,24/02/2021,157,SAO PAULO,ROUBO (ART. 157) - TRANSEUNTE,LG
239,29/04/2018,,,,
855,24/12/2019,157,SAO PAULO,ROUBO (ART. 157) - TRANSEUNTE,APPLE
971,29/08/2020,155,SAO PAULO,FURTO (ART. 155) - OUTROS,SAMSUNG
1286,30/11/2021,155,SANTOS,FURTO (ART. 155) - OUTROS,MOTOROLA
1134,22/08/2020,155,DIADEMA,FURTO (ART. 155) - OUTROS,MOTOROLA
736,31/08/2019,157,SAO PAULO,ROUBO (ART. 157) - TRANSEUNTE,
44,30/11/2018,155,,FURTO (ART. 155) - OUTROS,SAMSUNG
744,09/01/2019,157,SAO PAULO,ROUBO (ART. 157) - VEICULO,SAMSUNG
189,30/11/2018,,SAO PAULO,FURTO (ART. 155) - OUTROS,MOTOROLA
557,31/01/2019,155,SAO PAULO,FURTO (ART. 155) - TRANSEUNTE,ASUS
12,30/11/2018,157,PIRAJUI,ROUBO (ART. 157) - TRANSEUNTE,SAMSUNG
408,31/01/2019,155,SAO PAULO,FURTO (ART. 155) - OUTROS,MOTOROLA
851,31/12/2019,157,SAO PAULO,ROUBO (ART. 157) - OUTROS,ASUS
512,31/01/2019,155,SANTO ANDRE,FURTO (ART. 155) - INTERIOR TRANSPORTE COLETIVO,MOTOROLA
330,05/01/2018,157,SANTOS,ROUBO (ART. 157) - OUTROS,SAMSUNG
1527,28/02/2021,157,SAO PAULO,ROUBO (ART. 157) - VEICULO,APPLE
386,31/01/2019,155,SAO PAULO,FURTO (ART. 155) - OUTROS,APPLE
317,05/01/2018,157,VOTUPORANGA,ROUBO (ART. 157) - TRANSEUNTE,BLU
588,31/08/2019,157,LOUVEIRA,ROUBO (ART. 157) - ESTABELECIMENTO COMERCIAL,MOTOROLA
787,31/12/2019,157,,,MOTOROLA
165,30/11/2018,155,SAO PAULO,FURTO (ART. 155) - OUTROS,
1044,22/08/2020,155,CAMPINAS,FURTO (ART. 155) - OUTROS,SAMSUNG
757,31/08/2019,157,SAO PEDRO,ROUBO (ART. 157) - RESIDENCIA,SAMSUNG
1459,26/02/2021,157,MOGI DAS CRUZES,ROUBO (ART. 157) - OUTROS,MOTOROLA
313,05/01/2018,157,MONGAGUA,,LG
1017,28/08/2020,155,JAU,FURTO (ART. 155) - INTERIOR DE VEICULO,MOTOROLA
1469,27/02/2021,157,SAO PAULO,ROUBO (ART. 157) - TRANSEUNTE,MOTOROLA
965,28/08/2020,155,DIADEMA,FURTO (ART. 155) - OUTROS,SAMSUNG
1075,09/01/2020,155,SAO VICENTE,FURTO (ART. 155) - OUTROS,SAMSUNG
521,30/01/2019,155,SAO PAULO,FURTO (ART. 155) - OUTROS,APPLE
11,30/11/2018,157,PIRAJUI,ROUBO (ART. 157) - TRANSEUNTE,MOTOROLA
1293,12/01/2021,155,SAO PAULO,FURTO (ART. 155) - OUTROS,XIAOMI
229,30/04/2018,,,,
958,27/08/2020,155,SAO PAULO,FURTO (ART. 155) - OUTROS,MOTOROLA
923,01/01/2020,157,SAO PAULO,ROUBO (ART. 157) - VEICULO,ASUS
685,09/01/2019,,,ROUBO (ART. 157) - TRANSEUNTE,APPLE
904,01/01/2020,157,SAO PAULO,ROUBO (ART. 157) - OUTROS,MOTOROLA
436,31/01/2019,155,SAO PAULO,FURTO (ART. 155) - OUTROS,MOTOROLA
27,30/11/2018,155,OSASCO,FURTO (ART. 155) - OUTROS,SAMSUNG
1281,30/11/2021,155,SAO PAULO,FURTO (ART. 155) - OUTROS,XIAOMI
1343,12/01/2021,155,SAO PAULO,FURTO (ART. 155) - INTERIOR DE VEICULO,APPLE
1175,27/11/2021,155,SAO PAULO,FURTO (ART. 155) - OUTROS,SAMSUNG
831,31/12/2019,,,,
1329,12/01/2021,,,,APPLE
1222,30/11/2021,155,SAO PAULO,FURTO (ART. 155) - OUTROS,SAMSUNG
426,31/01/2019,155,SAO PAULO,FURTO (ART. 155) - OUTROS,APPLE
174,30/11/2018,,IBITINGA,FURTO (ART. 155) - TRANSEUNTE,MOTOROLA
509,02/01/2019,155,SAO PAULO,FURTO (ART. 155) - OUTROS,SAMSUNG
415,31/01/2019,155,JANDIRA,FURTO (ART. 155) - OUTROS,SAMSUNG
743,31/08/2019,157,SAO PAULO,ROUBO (ART. 157) - INTERIOR DE VEICULO,LENOVO
897,01/01/2020,157,SAO PAULO,ROUBO (ART. 157) - TRANSEUNTE,MOTOROLA
1014,09/01/2020,155,SAO PAULO,FURTO (ART. 155) - OUTROS,XIAOMI
929,31/12/2019,157,SAO PAULO,ROUBO (ART. 157) - OUTROS,XIAOMI
998,29/08/2020,155,SAO PAULO,FURTO (ART. 155) - OUTROS,XIAOMI
1235,09/01/2021,155,SAO PAULO,FURTO (ART. 155) - OUTROS,APPLE
15,25/11/2018,155,SAO PAULO,FURTO (ART. 155) - OUTROS,SAMSUNG
1410,03/01/2021,157,SAO PAULO,ROUBO (ART. 157) - OUTROS,MOTOROLA
810,31/12/2019,157,DIADEMA,ROUBO (ART. 157) - OUTROS,SAMSUNG
794,31/12/2019,157,SAO PAULO,ROUBO (ART. 157) - INTERIOR TRANSPORTE COLETIVO,MOTOROLA
398,31/01/2019,155,SAO PAULO,FURTO QUALIFICADO (ART. 155) - INTERIOR DE VEICULO,XIAOMI
13,30/11/2018,157,PIRAJUI,ROUBO (ART. 157) - TRANSEUNTE,MOTOROLA
697,31/08/2019,,,ROUBO (ART. 157) - APLICATIVO DE MOBILIDADE URBANA,SAMSUNG
1138,29/08/2020,155,SAO PAULO,FURTO QUALIFICADO (ART. 155) - ESTABELECIMENTO ENSINO,MULTILASER
726,31/08/2019,157,FERRAZ DE VASCONCELOS,ROUBO (ART. 157) - TRANSEUNTE,
1451,28/02/2021,157,SAO PAULO,ROUBO (ART. 157) - TRANSEUNTE,APPLE
273,30/04/2018,157,SAO PAULO,,SAMSUNG
1246,30/11/2021,155,SAO PAULO,FURTO (ART. 155) - OUTROS,APPLE
748,31/08/2019,157,SAO PAULO,ROUBO (ART. 157) - INTERIOR DE VEICULO,SAMSUNG
1441,28/02/2021,157,SAO PAULO,ROUBO (ART. 157) - OUTROS,APPLE
1361,28/02/2021,157,CAMPINAS,A.I.-ROUBO (ART. 157) - VEICULO,XIAOMI
1436,28/02/2021,157,SAO PAULO,ROUBO (ART. 157) - TRANSEUNTE,MOTOROLA
947,01/01/2020,157,GUARUJA,ROUBO (ART. 157) - OUTROS,SAMSUNG
892,01/01/2020,157,ITATIBA,ROUBO (ART. 157) - TRANSEUNTE,SAMSUNG
531,31/01/2019,155,BRAGANCA PAULISTA,FURTO (ART. 155) - OUTROS,MOTOROLA
782,31/12/2019,157,,,MOTOROLA
125,30/11/2018,155,SAO PAULO,,MOTOROLA
1062,31/08/2020,155,SOROCABA,FURTO QUALIFICADO (ART. 155) - OUTROS,SAMSUNG
485,31/01/2019,155,SAO PAULO,FURTO (ART. 155) - OUTROS,SAMSUNG
1228,30/11/2021,155,SAO PAULO,FURTO (ART. 155) - INTERIOR DE VEICULO,APPLE
577,31/01/2019,155,JUNDIAI,FURTO (ART. 155) - INTERIOR DE VEICULO,APPLE
1009,31/08/2020,155,SAO PAULO,FURTO (ART. 155) - OUTROS,MOTOROLA
1307,12/01/2021,155,SAO PAULO,FURTO (ART. 155) - OUTROS,SAMSUNG
1130,23/06/2020,155,PONTAL,FURTO QUALIFICADO (ART. 155) - TRANSEUNTE,SAMSUNG
362,05/01/2018,157,SAO PAULO,ROUBO (ART. 157) - TRANSEUNTE,APPLE
134,30/11/2018,155,SAO PAULO,,
466,02/01/2019,155,SAO PAULO,FURTO (ART. 155) - OUTROS,OUTROS
734,09/01/2019,157,SAO PAULO,ROUBO (ART. 157) - TRANSEUNTE,
212,30/04/2018,,SAO PAULO,ROUBO (ART. 157) - VEICULO,MOTOROLA
80,30/11/2018,155,SAO PAULO,,APPLE
1245,29/11/2021,155,SAO PAULO,FURTO (ART. 155) - TRANSEUNTE,APPLE
179,30/11/2018,,SAO PAULO,FURTO (ART. 155) - OUTROS,SAMSUNG
1406,28/02/2021,157,SAO PAULO,ROUBO (ART. 157) - TRANSEUNTE,SAMSUNG
1155,11/05/2021,155,EMBU-GUACU,FURTO (ART. 155) - TRANSEUNTE,
383,31/01/2019,155,SAO PAULO,FURTO (ART. 155) - OUTROS,MOTOROLA
819,01/01/2020,157,OSASCO,ROUBO (ART. 157) - INTERIOR DE VEICULO,MOTOROLA
541,02/01/2019,155,SERTAOZINHO,FURTO (ART. 155) - INTERIOR DE VEICULO,MOTOROLA
861,01/01/2020,157,SAO PAULO,ROUBO (ART. 157) - TRANSEUNTE,SAMSUNG
688,09/01/2019,,,ROUBO (ART. 157) - INTERIOR DE VEICULO,MOTOROLA
1096,31/08/2020,155,SAO PAULO,FURTO (ART. 155) - OUTROS,SAMSUNG
1442,25/02/2021,157,ITANHAEM,ROUBO (ART. 157) - INTERIOR ESTABELECIMENTO,MOTOROLA
1074,09/01/2020,155,BAURU,FURTO (ART. 155) - OUTROS,MOTOROLA
712,09/01/2019,157,SANTA ISABEL,ROUBO (ART. 157) - TRANSEUNTE,
1077,09/01/2020,155,HORTOLANDIA,FURTO (ART. 155) - TRANSEUNTE,SAMSUNG
1440,03/01/2021,157,SAO PAULO,ROUBO (ART. 157) - TRANSEUNTE,APPLE
777,31/12/2019,157,,,MOTOROLA
1517,25/02/2021,157,SAO PAULO,ROUBO (ART. 157) - OUTROS,LG
820,01/01/2020,157,UBATUBA,ROUBO (ART. 157) - TRANSEUNTE,SAMSUNG
1102,30/08/2020,155,CARAGUATATUBA,FURTO (ART. 155) - TRANSEUNTE,MOTOROLA
994,31/08/2020,155,SAO PAULO,FURTO (ART. 155) - OUTROS,SAMSUNG
1036,09/01/2020,155,SUMARE,FURTO (ART. 155) - INTERIOR TRANSPORTE COLETIVO,MOTOROLA
108,30/11/2018,155,ARACATUBA,,SAMSUNG
930,31/12/2019,157,SAO PAULO,ROUBO (ART. 157) - TRANSEUNTE,SAMSUNG
1061,09/01/2020,155,SAO PAULO,FURTO (ART. 155) - OUTROS,SAMSUNG
585,28/08/2019,157,SOROCABA,ROUBO (ART. 157) - OUTROS,SAMSUNG
249,30/04/2018,157,SAO JOSE DOS CAMPOS,,MOTOROLA
1259,28/11/2021,155,SAO PAULO,FURTO (ART. 155) - OUTROS,SAMSUNG
593,31/08/2019,157,SAO PAULO,ROUBO (ART. 157) - TRANSEUNTE,SAMSUNG
1429,03/01/2021,157,SAO PAULO,ROUBO (ART. 157) - TRANSEUNTE,MOTOROLA
612,30/08/2019,157,SAO PAULO,ROUBO (ART. 157) - OUTROS,APPLE
1256,30/11/2021,155,SAO PAULO,FURTO (ART. 155) - OUTROS,APPLE
874,31/12/2019,157,SUZANO,ROUBO (ART. 157) - VEICULO,MICROSOFT
361,29/04/2018,157,SAO PAULO,ROUBO (ART. 157) - TRANSEUNTE,MOTOROLA
290,05/01/2018,157,GUARULHOS,,LENOVO
1129,09/01/2020,155,SAO JOSE DOS CAMPOS,FURTO (ART. 155) - OUTROS,MOTOROLA
645,31/08/2019,157,MOGI DAS CRUZES,ROUBO (ART. 157) - OUTROS,APPLE
674,31/08/2019,,,ROUBO (ART. 157) - OUTROS,MOTOROLA
661,09/01/2019,157,SAO PAULO,ROUBO (ART. 157) - TRANSEUNTE,SAMSUNG
1112,29/08/2020,155,SAO PAULO,FURTO (ART. 155) - OUTROS,APPLE
823,01/01/2010,157,SAO PAULO,ROUBO (ART. 157) - VEICULO,SAMSUNG
1277,30/11/2021,155,SAO PAULO,FURTO (ART. 155) - OUTROS,MOTOROLA
465,31/01/2019,155,SAO PAULO,FURTO (ART. 155) - OUTROS,MOTOROLA
792,31/12/2019,157,SAO PAULO,ROUBO (ART. 157) - INTERIOR TRANSPORTE COLETIVO,ASUS
242,30/04/2018,,,,
282,30/04/2018,157,SAO PAULO,,IPHONE
288,30/04/2018,157,SAO PAULO,,MOTOROLA
699,31/08/2019,,,ROUBO (ART. 157) - OUTROS,SAMSUNG
694,30/08/2019,,,ROUBO (ART. 157) - TRANSEUNTE,ASUS
69,30/11/2018,155,,,APPLE
167,30/11/2018,,SAO PAULO,FURTO (ART. 155) - OUTROS,
248,30/04/2018,157,SAO PAULO,,SAMSUNG
149,12/01/2018,155,EMBU DAS ARTES,FURTO (ART. 155) - ESTABELECIMENTO COMERCIAL,
1386,28/02/2021,157,SAO PAULO,ROUBO (ART. 157) - OUTROS,SAMSUNG
265,30/04/2018,157,SAO PAULO,,APPLE
745,09/01/2019,157,SAO PAULO,ROUBO (ART. 157) - VEICULO,SAMSUNG
1346,30/11/2021,155,SAO PAULO,FURTO (ART. 155) - OUTROS,APPLE
279,30/04/2018,157,SAO PAULO,,ASUS
668,31/08/2019,157,DIADEMA,ROUBO (ART. 157) - OUTROS,MOTOROLA
568,26/01/2019,155,SAO BERNARDO DO CAMPO,FURTO (ART. 155) - OUTROS,SAMSUNG
983,29/08/2020,155,SAO PAULO,FURTO (ART. 155) - OUTROS,MOTOROLA
90,19/11/2018,155,SAO PAULO,,LG
900,15/12/2019,157,SAO PAULO,ROUBO (ART. 157) - VEICULO,SAMSUNG
833,01/01/2020,,,,
1024,29/08/2020,155,SAO PAULO,FURTO (ART. 155) - OUTROS,APPLE
301,30/04/2018,157,SAO PAULO,,MOTOROLA
68,29/11/2018,155,,,MOTOROLA
25,30/11/2018,155,SAO PAULO,FURTO (ART. 155) - OUTROS,ASUS
1003,31/08/2020,155,SAO PAULO,FURTO (ART. 155) - OUTROS,SAMSUNG
775,31/12/2019,157,SAO PAULO,ROUBO (ART. 157) - OUTROS,SAMSUNG
420,31/01/2019,155,SAO PAULO,FURTO (ART. 155) - INTERIOR DE VEICULO,APPLE
1360,28/02/2021,157,CAMPINAS,A.I.-ROUBO (ART. 157) - VEICULO,XIAOMI
622,31/08/2019,129,ARTUR NOGUEIRA,LESAO CORPORAL (ART. 129),
996,24/08/2020,155,OSASCO,FURTO (ART. 155) - OUTROS,MOTOROLA
338,30/04/2018,157,SAO VICENTE,ROUBO (ART. 157) - TRANSEUNTE,ALCATEL
740,31/08/2019,157,SANTOS,ROUBO (ART. 157) - OUTROS,MOTOROLA
1523,03/01/2021,157,SAO PAULO,A.I.-ROUBO (ART. 157) - OUTROS,APPLE
711,31/08/2019,157,DIADEMA,ROUBO (ART. 157) - OUTROS,
653,31/08/2019,157,CAMPINAS,ROUBO (ART. 157) - OUTROS,MOTOROLA
1186,29/11/2021,155,SAO PAULO,FURTO (ART. 155) - OUTROS,SAMSUNG
865,31/12/2019,157,SAO PAULO,ROUBO (ART. 157) - TRANSEUNTE,APPLE
987,29/08/1986,155,SAO PAULO,FURTO (ART. 155) - OUTROS,MOTOROLA
926,01/01/2020,157,SAO PAULO,ROUBO (ART. 157) - INTERIOR DE VEICULO,SAMSUNG
185,25/11/2018,,SAO PAULO,FURTO (ART. 155) - OUTROS,MOTOROLA
205,30/04/2018,,SAO PAULO,ROUBO (ART. 157) - TRANSEUNTE,LG
49,30/11/2018,155,,FURTO (ART. 155) - OUTROS,SAMSUNG
980,29/08/2020,155,CARAPICUIBA,FURTO (ART. 155) - OUTROS,MOTOROLA
514,01/02/2019,155,SAO MIGUEL ARCANJO,FURTO (ART. 155) - OUTROS,MOTOROLA
156,30/11/2018,155,FRANCA,FURTO (ART. 155) - TRANSEUNTE,
64,28/11/2018,155,,FURTO (ART. 155) - INTERIOR ESTABELECIMENTO,MOTOROLA
5,28/11/2018,155,RIBEIRAO PRETO,FURTO (ART. 155) - INTERIOR DE VEICULO,MOTOROLA
915,01/01/2020,157,SAO PAULO,ROUBO (ART. 157) - VEICULO,LG
413,30/01/2019,155,SAO PAULO,FURTO (ART. 155) - OUTROS,MOTOROLA
790,31/12/2019,157,SAO PAULO,ROUBO (ART. 157) - TRANSEUNTE,SAMSUNG
1509,22/01/2021,157,SAO JOSE DOS CAMPOS,ROUBO (ART. 157) - TRANSEUNTE,MOTOROLA
511,02/01/2019,155,SAO PAULO,FURTO (ART. 155) - OUTROS,APPLE
1271,12/01/2021,155,SAO PAULO,FURTO (ART. 155) - OUTROS,SAMSUNG
657,09/01/2019,157,SUZANO,ROUBO (ART. 157) - TRANSEUNTE,SAMSUNG
1260,30/11/2021,155,SAO JOSE DOS CAMPOS,FURTO (ART. 155) - OUTROS,SAMSUNG
1456,02/02/2021,157,ITANHAEM,ROUBO (ART. 157) - OUTROS,MOTOROLA
244,28/04/2018,157,SAO SEBASTIAO,ROUBO (ART. 157) - TRANSEUNTE,SAMSUNG
837,31/12/2019,,,,
1272,29/11/2021,155,SAO PAULO,FURTO (ART. 155) - OUTROS,XIAOMI
1382,28/02/2021,157,ITUVERAVA,ROUBO (ART. 157) - VEICULO,MOTOROLA
1013,31/08/2020,155,SAO PAULO,FURTO (ART. 155) - OUTROS,APPLE
349,28/04/2018,157,SAO PAULO,ROUBO (ART. 157) - VEICULO,MOTOROLA
1457,28/02/2021,157,SAO PAULO,ROUBO (ART. 157) - INTERIOR DE VEICULO,MOTOROLA
1273,27/11/2021,155,SAO PAULO,FURTO (ART. 155) - OUTROS,APPLE
433,31/01/2019,155,SAO PAULO,FURTO (ART. 155) - OUTROS,SAMSUNG
3,28/11/2018,155,SAO PAULO,FURTO (ART. 155) - OUTROS,APPLE
360,29/04/2018,157,GUARULHOS,ROUBO (ART. 157) - INTERIOR DE VEICULO,SAMSUNG
250,30/04/2018,157,FERRAZ DE VASCONCELOS,,SAMSUNG
678,30/08/2019,,,ROUBO (ART. 157) - OUTROS,APPLE
1210,30/11/2021,155,SAO PAULO,FURTO (ART. 155) - OUTROS,SAMSUNG
320,05/01/2018,157,CARAPICUIBA,ROUBO (ART. 157) - OUTROS,MOTOROLA
409,31/01/2019,155,SAO PAULO,FURTO (ART. 155) - OUTROS,MOTOROLA
1090,29/08/2020,147,MOGI MIRIM,AMEACA (ART. 147),
218,30/04/2018,,SAO PAULO,A.I.-ROUBO (ART. 157) - TRANSEUNTE,OUTROS
45,28/11/2018,155,,FURTO (ART. 155) - OUTROS,MOTOROLA
1152,09/01/2020,155,SAO PAULO,FURTO (ART. 155) - OUTROS,SAMSUNG
789,31/12/2019,157,SAO PAULO,ROUBO (ART. 157) - TRANSEUNTE,SAMSUNG
1261,12/01/2021,155,SAO PAULO,FURTO (ART. 155) - OUTROS,MOTOROLA
824,01/01/2010,157,SAO PAULO,ROUBO (ART. 157) - VEICULO,SAMSUNG
513,31/01/2019,155,RIOLANDIA,FURTO (ART. 155) - OUTROS,SAMSUNG
530,19/01/2019,155,GUARULHOS,FURTO (ART. 155) - RESIDENCIA,SAMSUNG
280,30/04/2018,157,SAO PAULO,,MOTOROLA
372,30/04/2018,157,PERUIBE,ROUBO (ART. 157) - TRANSEUNTE,MOTOROLA
1094,29/08/2020,155,CAPAO BONITO,FURTO (ART. 155) - OUTROS,OUTROS
473,31/01/2019,155,SAO BERNARDO DO CAMPO,FURTO (ART. 155) - INTERIOR TRANSPORTE COLETIVO,MOTOROLA
458,23/01/2019,155,AMERICANA,FURTO (ART. 155) - TRANSEUNTE,MOTOROLA
1330,12/01/2021,,,,NOKIA
498,31/01/2019,155,CERQUILHO,FURTO QUALIFICADO (ART. 155) - ESTABELECIMENTO COMERCIAL,OUTROS
342,30/04/2018,157,RIBEIRAO PRETO,ROUBO (ART. 157) - TRANSEUNTE,LG
425,30/01/2019,155,ASSIS,FURTO QUALIFICADO (ART. 155) - RESIDENCIA,APPLE
1491,22/02/2021,157,SAO PAULO,ROUBO (ART. 157) - TRANSEUNTE,SAMSUNG
314,05/01/2018,157,SAO PAULO,,SAMSUNG
1015,27/08/2020,155,SAO PAULO,FURTO (ART. 155) - INTERIOR ESTABELECIMENTO,SAMSUNG
66,30/11/2018,155,,FURTO (ART. 155) - OUTROS,APPLE
1184,29/11/2021,155,SAO PAULO,FURTO (ART. 155) - OUTROS,SAMSUNG
403,30/01/2019,155,SAO PAULO,FURTO (ART. 155) - OUTROS,APPLE
714,30/08/2019,157,SAO PAULO,ROUBO (ART. 157) - OUTROS,
866,01/01/2020,157,CARAGUATATUBA,ROUBO (ART. 157) - TRANSEUNTE,LG
763,31/08/2019,157,SAO PAULO,ROUBO (ART. 157) - OUTROS,ASUS
902,01/01/2020,157,MONGAGUA,ROUBO (ART. 157) - VEICULO,APPLE
1060,09/01/2020,147,SAO PAULO,AMEACA (ART. 147),
113,30/11/2018,155,SAO PAULO,,MOTOROLA
1348,29/11/2021,155,CAMPINAS,FURTO (ART. 155) - OUTROS,SAMSUNG
1063,09/01/2020,155,BIRIGUI,FURTO (ART. 155) - OUTROS,SAMSUNG
1327,12/01/2021,,,,MOTOROLA
1128,14/08/2020,155,SAO PAULO,FURTO (ART. 155) - OUTROS,SAMSUNG
1080,29/08/2020,155,TABOAO DA SERRA,FURTO (ART. 155) - INTERIOR ESTABELECIMENTO,
1342,28/11/2021,155,RIBEIRAO PRETO,FURTO (ART. 155) - TRANSEUNTE,OUTROS
550,31/01/2019,155,SAO PAULO,FURTO (ART. 155) - INTERIOR ESTABELECIMENTO,
538,25/12/2018,155,RIBEIRAO PRETO,FURTO QUALIFICADO (ART. 155) - RESIDENCIA,APPLE
1016,09/01/2020,155,SAO PAULO,FURTO QUALIFICADO (ART. 155) - INTERIOR DE VEICULO,
271,30/04/2018,157,SANTO ANDRE,,LG
1064,31/08/2020,155,SAO PAULO,FURTO (ART. 155) - OUTROS,MOTOROLA
651,26/08/2019,157,SAO PAULO,ROUBO (ART. 157) - TRANSEUNTE,
1214,29/11/2021,155,PRAIA GRANDE,FURTO (ART. 155) - OUTROS,MOTOROLA
1247,30/11/2021,155,SAO PAULO,FURTO (ART. 155) - OUTROS,
658,31/08/2019,157,SAO PAULO,ROUBO (ART. 157) - OUTROS,MOTOROLA
1174,29/11/2021,155,BOITUVA,FURTO (ART. 155) - OUTROS,SAMSUNG
899,31/12/2019,157,GUARULHOS,ROUBO (ART. 157) - TRANSEUNTE,SAMSUNG
565,14/01/2019,155,ITARARE,FURTO (ART. 155) - INTERIOR DE VEICULO,MOTOROLA
1137,30/08/2020,155,GUARUJA,FURTO (ART. 155) - OUTROS,MOTOROLA
1002,31/08/2020,155,SAO PAULO,FURTO (ART. 155) - OUTROS,MOTOROLA
1511,28/02/2021,157,MOGI DAS CRUZES,ROUBO (ART. 157) - VEICULO,APPLE
79,30/11/2018,155,SAO PAULO,,OUTROS
1093,29/08/2020,155,MOGI MIRIM,FURTO (ART. 155) - OUTROS,MOTOROLA
336,05/01/2018,157,SAO PAULO,ROUBO (ART. 157) - TRANSEUNTE,SAMSUNG
135,30/11/2018,155,AMERICANA,,
181,30/11/2018,,SAO PAULO,FURTO QUALIFICADO (ART. 155) - ESTABELECIMENTO-OUTROS,SAMSUNG
254,30/04/2018,157,SAO PAULO,,MOTOROLA
469,02/01/2019,155,SAO PAULO,FURTO (ART. 155) - OUTROS,ASUS
1401,28/02/2021,157,SUZANO,ROUBO (ART. 157) - OUTROS,SAMSUNG
683,09/01/2019,,,ROUBO (ART. 157) - OUTROS,LG
832,31/12/2019,,,,
390,31/01/2019,155,SAO PAULO,FURTO (ART. 155) - OUTROS,ASUS
430,31/01/2019,155,SAO PAULO,FURTO (ART. 155) - OUTROS,SAMSUNG
708,31/08/2019,157,SAO PAULO,ROUBO (ART. 157) - TRANSEUNTE,
1325,12/01/2021,,,,XIAOMI
397,31/01/2019,155,SAO PAULO,FURTO (ART. 155) - OUTROS,APPLE
399,30/01/2019,155,SAO PAULO,FURTO (ART. 155) - OUTROS,SAMSUNG
34,30/11/2018,155,CAMPINAS,FURTO (ART. 155) - OUTROS,SAMSUNG
440,19/01/2019,155,SAO PAULO,FURTO (ART. 155) - OUTROS,SAMSUNG
1381,28/02/2021,157,SAO PAULO,ROUBO (ART. 157) - OUTROS,APPLE
856,01/01/2020,157,MONGAGUA,ROUBO (ART. 157) - TRANSEUNTE,SAMSUNG
1131,21/08/2020,155,SOROCABA,FURTO (ART. 155) - OUTROS,SAMSUNG
392,24/01/2019,155,SUZANO,FURTO QUALIFICADO (ART. 155) - INTERIOR DE VEICULO,MOTOROLA
1083,29/08/2020,155,SAO PAULO,FURTO (ART. 155) - OUTROS,MOTOROLA
1233,26/11/2021,155,SAO PAULO,FURTO (ART. 155) - OUTROS,MOTOROLA
1252,27/11/2021,155,SAO PAULO,FURTO (ART. 155) - OUTROS,APPLE
373,30/04/2018,157,PIRACICABA,ROUBO (ART. 157) - VEICULO,SAMSUNG
801,31/12/2019,157,TAUBATE,ROUBO (ART. 157) - TRANSEUNTE,SAMSUNG
704,31/08/2019,157,SAO PAULO,ROUBO (ART. 157) - TRANSEUNTE,SAMSUNG
143,12/01/2018,155,REGISTRO,FURTO (ART. 155) - TRANSEUNTE,
523,31/01/2019,155,JAGUARIUNA,FURTO (ART. 155) - OUTROS,ALCATEL
791,31/12/2019,157,GUARUJA,ROUBO (ART. 157) - TRANSEUNTE,OUTROS
776,31/12/2019,157,SAO PAULO,ROUBO (ART. 157) - OUTROS,MOTOROLA
1067,30/08/2020,155,UBATUBA,FURTO (ART. 155) - OUTROS,MOTOROLA
883,31/12/2019,157,SAO PAULO,ROUBO (ART. 157) - TRANSEUNTE,MOTOROLA
400,31/01/2019,155,OSASCO,FURTO (ART. 155) - OUTROS,MOTOROLA
906,01/01/2020,157,ITANHAEM,ROUBO (ART. 157) - OUTROS,SAMSUNG
1144,29/08/2020,155,SAO PAULO,FURTO (ART. 155) - OUTROS,SAMSUNG
1432,28/02/2020,157,TABOAO DA SERRA,ROUBO (ART. 157) - OUTROS,SAMSUNG
624,31/08/2019,157,SANTO ANDRE,ROUBO (ART. 157) - OUTROS,LG
1053,09/01/2020,155,PEDREIRA,FURTO (ART. 155) - OUTROS,SAMSUNG
672,09/01/2019,,,ROUBO (ART. 157) - TRANSEUNTE,SAMSUNG
201,30/04/2018,,OSASCO,ROUBO (ART. 157) - OUTROS,SAMSUNG
1422,03/01/2021,157,SAO PAULO,ROUBO (ART. 157) - OUTROS,SAMSUNG
1328,27/11/2021,,,,SAMSUNG
1267,30/11/2021,155,ITAQUAQUECETUBA,FURTO (ART. 155) - OUTROS,MOTOROLA
786,31/12/2019,157,,,MOTOROLA
1197,28/11/2010,155,SAO PAULO,FURTO (ART. 155) - OUTROS,APPLE
1408,26/02/2021,157,SAO PAULO,ROUBO (ART. 157) - ESTABELECIMENTO COMERCIAL,MOTOROLA
868,01/01/2020,157,SAO PAULO,ROUBO (ART. 157) - OUTROS,MOTOROLA
357,30/04/2018,157,ARACARIGUAMA,ROUBO (ART. 157) - VEICULO,SAMSUNG
126,27/11/2018,155,SAO PAULO,,MOTOROLA
623,31/08/2019,157,ARTUR NOGUEIRA,ROUBO (ART. 157) - TRANSEUNTE,MOTOROLA
1283,30/11/2021,155,CAMPINAS,FURTO (ART. 155) - OUTROS,MOTOROLA
267,30/04/2018,157,TABOAO DA SERRA,,APPLE
547,30/01/2019,155,SAO PAULO,FURTO (ART. 155) - TRANSEUNTE,LG
270,30/04/2018,157,SAO PAULO,,IPHONE
457,02/01/2019,155,SAO PAULO,FURTO (ART. 155) - OUTROS,ASUS
292,05/01/2018,157,DIADEMA,,SAMSUNG
159,29/11/2018,155,SAO PAULO,FURTO (ART. 155) - COLETIVO,
1250,30/11/2021,155,SAO PAULO,FURTO (ART. 155) - OUTROS,XIAOMI
1445,03/01/2021,157,FERRAZ DE VASCONCELOS,ROUBO (ART. 157) - OUTROS,ASUS
354,30/04/2018,157,ARACARIGUAMA,ROUBO (ART. 157) - CARGA,SAMSUNG
359,29/04/2018,157,TAUBATE,ROUBO (ART. 157) - ESTABELECIMENTO COMERCIAL,SAMSUNG
434,31/01/2019,155,OSASCO,FURTO (ART. 155) - OUTROS,MOTOROLA
1020,31/08/2020,155,SAO PAULO,FURTO QUALIFICADO (ART. 155) - INTERIOR DE VEICULO,SAMSUNG
634,31/08/2019,157,SAO PAULO,ROUBO (ART. 157) - OUTROS,APPLE
752,31/08/2019,157,CARAPICUIBA,ROUBO (ART. 157) - TRANSEUNTE,SAMSUNG
1397,27/02/2021,157,SAO PAULO,ROUBO (ART. 157) - TRANSEUNTE,MOTOROLA
1305,28/11/2021,155,SAO PAULO,FURTO (ART. 155) - OUTROS,SAMSUNG
14,30/11/2018,157,PIRAJUI,ROUBO (ART. 157) - TRANSEUNTE,SAMSUNG
1514,28/02/2021,157,SAO PAULO,ROUBO (ART. 157) - OUTROS,SAMSUNG
1508,26/02/2021,157,SAO JOSE DOS CAMPOS,ROUBO (ART. 157) - TRANSEUNTE,SAMSUNG
1309,12/01/2021,155,SAO PAULO,FURTO (ART. 155) - OUTROS,LG
380,31/01/2019,155,SAO JOSE DO RIO PRETO,FURTO QUALIFICADO (ART. 155) - INTERIOR DE VEICULO,SAMSUNG
435,31/01/2019,155,SAO PAULO,FURTO (ART. 155) - OUTROS,SAMSUNG
268,30/04/2018,157,OSASCO,,SANSUMG
1494,25/02/2021,157,SAO PAULO,ROUBO (ART. 157) - VEICULO,LG
1290,30/11/2021,155,ARUJA,FURTO (ART. 155) - OUTROS,ALCATEL
1350,30/11/2021,155,DESCALVADO,FURTO (ART. 155) - OUTROS,MOTOROLA
401,31/01/2019,155,SAO PAULO,FURTO (ART. 155) - OUTROS,MOTOROLA
543,02/01/2019,155,BARRINHA,FURTO (ART. 155) - RESIDENCIA,SAMSUNG
1123,31/08/2020,155,NIPOA,FURTO (ART. 155) - OUTROS,SAMSUNG
660,31/08/2019,157,SAO PAULO,ROUBO (ART. 157) - TRANSEUNTE,SAMSUNG
849,01/01/2020,157,CARAGUATATUBA,ROUBO (ART. 157) - TRANSEUNTE,APPLE
567,26/01/2019,155,ILHABELA,FURTO (ART. 155) - OUTROS,SAMSUNG
1150,31/08/2020,155,BARUERI,FURTO (ART. 155) - INTERIOR ESTABELECIMENTO,SAMSUNG
367,05/01/2018,157,SAO PAULO,ROUBO (ART. 157) - TRANSEUNTE,ALCATEL
1454,03/01/2021,157,SAO PAULO,ROUBO (ART. 157) - OUTROS,SAMSUNG
1340,30/11/2021,,,,SAMSUNG
1136,31/08/2020,155,SAO PAULO,FURTO (ART. 155) - TRANSEUNTE,ASUS
464,31/01/2019,155,SAO PAULO,FURTO (ART. 155) - OUTROS,SAMSUNG
1315,30/11/2021,,,,OUTROS
39,30/11/2018,155,SAO PAULO,FURTO (ART. 155) - OUTROS,APPLE
1181,09/01/2021,155,SAO BERNARDO DO CAMPO,FURTO (ART. 155) - OUTROS,MOTOROLA
78,29/11/2018,155,,,MOTOROLA
928,01/01/2020,157,PERUIBE,ROUBO (ART. 157) - TRANSEUNTE,MOTOROLA
1299,30/11/2021,155,SAO PAULO,FURTO (ART. 155) - OUTROS,SAMSUNG
613,31/07/2019,157,CARAPICUIBA,ROUBO (ART. 157) - OUTROS,MOTOROLA
963,31/08/2020,155,SAO PAULO,FURTO (ART. 155) - OUTROS,SAMSUNG
1310,30/11/2021,155,SAO PAULO,FURTO QUALIFICADO (ART. 155) - INTERIOR DE VEICULO,APPLE
255,30/04/2018,157,SAO PAULO,,SAMSUNG
920,01/01/2020,157,BOITUVA,ROUBO (ART. 157) - VEICULO,LG
1521,13/02/2021,157,SAO PAULO,ROUBO (ART. 157) - OUTROS,APPLE
423,31/01/2019,155,SAO PAULO,FURTO (ART. 155) - OUTROS,APPLE
1396,23/02/2021,157,SAO PAULO,ROUBO (ART. 157) - TRANSEUNTE,SAMSUNG
1058,31/08/2020,155,SAO PAULO,FURTO (ART. 155) - OUTROS,MOTOROLA
439,31/01/2019,155,SAO PAULO,FURTO (ART. 155) - OUTROS,SAMSUNG
18,30/11/2018,155,SAO PAULO,FURTO (ART. 155) - OUTROS,MOTOROLA
808,01/01/2020,157,CARAPICUIBA,ROUBO (ART. 157) - VEICULO,MOTOROLA
1413,03/01/2021,157,SAO PAULO,ROUBO (ART. 157) - OUTROS,APPLE
348,29/04/2018,157,SAO PAULO,ROUBO (ART. 157) - TRANSEUNTE,MOTOROLA
1255,11/06/2021,155,SAO PAULO,FURTO (ART. 155) - OUTROS,SAMSUNG
286,30/04/2018,157,SAO PAULO,,MOTOROLA
341,05/01/2018,157,SOROCABA,ROUBO (ART. 157) - TRANSEUNTE,SAMSUNG
1423,03/01/2021,157,SAO BERNARDO DO CAMPO,ROUBO (ART. 157) - OUTROS,OUTROS
460,31/01/2018,155,SAO PAULO,FURTO (ART. 155) - OUTROS,APPLE
830,01/01/2020,,,,
917,01/01/2020,157,CARAGUATATUBA,ROUBO (ART. 157) - OUTROS,SAMSUNG
505,02/01/2019,155,SAO PAULO,FURTO (ART. 155) - OUTROS,SAMSUNG
764,09/01/2019,157,GUARULHOS,ROUBO (ART. 157) - TRANSEUNTE,SAMSUNG
47,15/11/2018,155,,FURTO (ART. 155) - OUTROS,APPLE
878,01/01/2020,157,SAO VICENTE,ROUBO (ART. 157) - TRANSEUNTE,MOTOROLA
1146,09/01/2020,155,SAO BERNARDO DO CAMPO,FURTO (ART. 155) - OUTROS,LG
38,12/01/2018,155,SAO PAULO,FURTO (ART. 155) - TRANSEUNTE,SAMSUNG
1391,28/02/2021,157,RESTINGA,ROUBO (ART. 157) - VEICULO,ALCATEL
311,30/04/2018,157,SAO PAULO,,MOTOROLA
1145,31/08/2020,155,CAMPINAS,FURTO (ART. 155) - OUTROS,APPLE
799,31/12/2019,157,OSASCO,ROUBO (ART. 157) - OUTROS,MOTOROLA
63,30/11/2018,155,,FURTO (ART. 155) - OUTROS,MOTOROLA
281,30/04/2018,157,SAO PAULO,,MOTOROLA
1147,31/08/2020,155,BARUERI,FURTO (ART. 155) - INTERIOR ESTABELECIMENTO,ASUS
912,01/01/2020,157,SAO PAULO,ROUBO (ART. 157) - VEICULO,APPLE
1206,28/11/2021,155,SAO PAULO,FURTO (ART. 155) - OUTROS,APPLE
893,31/12/2019,157,SAO PAULO,ROUBO (ART. 157) - TRANSEUNTE,SAMSUNG
1353,28/02/2021,157,SAO PAULO,ROUBO (ART. 157) - OUTROS,ASUS
968,29/08/2020,155,SAO PAULO,FURTO (ART. 155) - OUTROS,
587,31/08/2019,157,SAO PAULO,ROUBO (ART. 157) - VEICULO,ASUS
1183,30/11/2021,155,GUARULHOS,FURTO (ART. 155) - OUTROS,APPLE
969,30/08/2020,155,SAO PAULO,FURTO (ART. 155) - OUTROS,MOTOROLA
1407,28/02/2021,157,DIADEMA,ROUBO (ART. 157) - VEICULO,SAMSUNG
767,31/08/2019,157,TABOAO DA SERRA,ROUBO (ART. 157) - OUTROS,MOTOROLA
2,30/11/2018,155,MARILIA,FURTO (ART. 155) - OUTROS,APPLE
1018,08/04/2020,155,SAO PAULO,FURTO (ART. 155) - OUTROS,SAMSUNG
553,02/01/2019,155,SAO PAULO,FURTO (ART. 155) - OUTROS,XIAOMI
1450,28/02/2021,157,SAO PAULO,ROUBO (ART. 157) - OUTROS,SAMSUNG
1269,27/11/2021,155,SAO PAULO,FURTO (ART. 155) - OUTROS,XIAOMI
1376,28/02/2021,157,SAO PAULO,ROUBO (ART. 157) - OUTROS,SAMSUNG
1199,30/11/2021,155,SAO PAULO,FURTO (ART. 155) - OUTROS,APPLE
836,01/01/2020,,,,
1462,28/02/2021,157,SAO PAULO,ROUBO (ART. 157) - OUTROS,ASUS
55,30/11/2018,155,,FURTO (ART. 155) - TRANSEUNTE,MOTOROLA
887,01/01/2020,157,ITAQUAQUECETUBA,ROUBO (ART. 157) - VEICULO,MOTOROLA
214,30/04/2018,,SAO PAULO,A.I.-ROUBO (ART. 157) - VEICULO,SAMSUNG
96,11/11/2018,155,SAO PAULO,,SAMSUNG
948,01/01/2020,157,SAO PAULO,ROUBO (ART. 157) - VEICULO,APPLE
961,31/08/2020,155,SAO PAULO,FURTO (ART. 155) - TRANSEUNTE,
146,30/11/2018,155,SANTOS,FURTO (ART. 155) - OUTROS,
1133,27/08/2020,155,CAMPINAS,FURTO (ART. 155) - OUTROS,MOTOROLA
461,30/01/2019,155,BAURU,FURTO (ART. 155) - OUTROS,LG
114,12/01/2018,155,JABOTICABAL,,
335,05/01/2018,157,SAO PAULO,ROUBO (ART. 157) - OUTROS,SAMSUNG
476,31/01/2019,155,SANTO ANDRE,FURTO (ART. 155) - OUTROS,SAMSUNG
252,30/04/2018,157,SAO PAULO,,MOTOROLA
1185,30/11/2021,155,SAO PAULO,FURTO QUALIFICADO (ART. 155) - INTERIOR DE VEICULO,APPLE
549,02/01/2019,155,SAO PAULO,FURTO (ART. 155) - OUTROS,SAMSUNG
190,29/11/2018,,SAO PAULO,FURTO (ART. 155) - OUTROS,OUTROS
783,31/12/2019,157,,,MOTOROLA
455,30/01/2019,155,SAO PAULO,FURTO (ART. 155) - OUTROS,SAMSUNG
889,01/01/2020,157,ITAQUAQUECETUBA,ROUBO (ART. 157) - VEICULO,MOTOROLA
945,01/01/2020,157,SANTO ANDRE,ROUBO (ART. 157) - OUTROS,SAMSUNG
589,31/08/2019,157,GUARUJA,ROUBO (ART. 157) - TRANSEUNTE,SAMSUNG
374,27/04/2018,157,SAO PAULO,ROUBO (ART. 157) - ESTABELECIMENTO COMERCIAL,MOTOROLA
1057,28/08/2020,155,PERUIBE,FURTO (ART. 155) - INTERIOR DE VEICULO,SAMSUNG
1196,20/11/2021,155,GUARULHOS,FURTO (ART. 155) - OUTROS,APPLE
812,01/01/2020,157,COTIA,ROUBO (ART. 157) - VEICULO,MOTOROLA
664,31/08/2019,157,HORTOLANDIA,ROUBO (ART. 157) - VEICULO,SAMSUNG
112,29/11/2018,155,PIRACICABA,,SAMSUNG
822,01/01/2020,157,SAO PAULO,ROUBO (ART. 157) - APLICATIVO DE MOBILIDADE URBANA,SAMSUNG
636,30/08/2019,157,SAO PAULO,ROUBO (ART. 157) - OUTROS,APPLE
1086,30/08/2020,155,SAO CARLOS,FURTO (ART. 155) - OUTROS,MOTOROLA
61,12/01/2018,155,,FURTO QUALIFICADO (ART. 155) - ESTABELECIMENTO COMERCIAL,SAMSUNG
1127,09/01/2020,155,PRESIDENTE PRUDENTE,FURTO (ART. 155) - OUTROS,LG
625,30/08/2019,157,EMBU DAS ARTES,ROUBO (ART. 157) - OUTROS,SAMSUNG
102,30/11/2018,155,SAO PAULO,,MOTOROLA
1101,09/01/2020,155,SAO PAULO,FURTO (ART. 155) - INTERIOR TRANSPORTE COLETIVO,SAMSUNG
1008,20/08/2020,155,SAO PAULO,FURTO (ART. 155) - OUTROS,ASUS
1097,28/08/2020,155,SAO PAULO,FURTO (ART. 155) - INTERIOR TRANSPORTE COLETIVO,SAMSUNG
526,02/01/2019,155,SAO PAULO,FURTO (ART. 155) - INTERIOR TRANSPORTE COLETIVO,SAMSUNG
1288,30/11/2021,155,SAO PAULO,FURTO (ART. 155) - OUTROS,SAMSUNG
839,31/12/2019,,,,
224,30/04/2018,,,,
82,30/11/2018,155,SAO PAULO,,MOTOROLA
35,30/11/2018,155,CAIEIRAS,FURTO (ART. 155) - OUTROS,SAMSUNG
750,09/01/2019,157,RIO CLARO,ROUBO (ART. 157) - RESIDENCIA,SAMSUNG
1104,31/08/2020,155,SAO PAULO,FURTO QUALIFICADO (ART. 155) - INTERIOR ESTABELECIMENTO,SAMSUNG
841,01/01/2020,,,,
500,26/01/2019,155,SAO PAULO,FURTO QUALIFICADO (ART. 155) - INTERIOR TRANSPORTE COLETIVO,SAMSUNG
1229,30/11/2021,155,JANDIRA,FURTO (ART. 155) - OUTROS,XIAOMI
942,31/12/2019,157,SAO PAULO,ROUBO (ART. 157) - RESIDENCIA,SAMSUNG
1037,31/08/2020,155,ILHA SOLTEIRA,FURTO QUALIFICADO (ART. 155) - INTERIOR DE VEICULO,POSITIVO
877,31/12/2019,157,SUZANO,ROUBO (ART. 157) - VEICULO,SAMSUNG
1398,03/01/2021,157,JUNDIAI,ROUBO (ART. 157) - OUTROS,SAMSUNG
540,31/01/2019,155,SAO PAULO,FURTO (ART. 155) - TRANSEUNTE,APPLE
353,30/04/2018,157,ARACARIGUAMA,ROUBO (ART. 157) - CARGA,SAMSUNG
1392,28/02/2021,157,RESTINGA,ROUBO (ART. 157) - VEICULO,MOTOROLA
296,05/01/2018,157,SAO PAULO,,APPLE
754,09/01/2019,157,CAMPINAS,ROUBO (ART. 157) - TRANSEUNTE,LG
991,31/08/2020,155,GUARULHOS,FURTO (ART. 155) - OUTROS,SAMSUNG
198,29/11/2018,,ITAPECERICA DA SERRA,FURTO QUALIFICADO (ART. 155) - RESIDENCIA,ALCATEL
337,05/01/2018,157,SAO PAULO,ROUBO (ART. 157) - TRANSEUNTE,MOTOROLA
266,30/04/2018,157,SAO PAULO,,MOTOROLA
1030,31/08/2020,155,SAO PAULO,FURTO QUALIFICADO (ART. 155) - INTERIOR DE VEICULO,SAMSUNG
618,09/01/2019,157,SAO PAULO,ROUBO (ART. 157) - TRANSEUNTE,SAMSUNG
970,28/08/2020,155,SAO PAULO,FURTO QUALIFICADO (ART. 155) - TRANSEUNTE,
1394,28/02/2021,157,CAMPINAS,ROUBO (ART. 157) - OUTROS,SAMSUNG
561,31/01/2019,155,SAO PAULO,FURTO QUALIFICADO (ART. 155) - INTERIOR DE VEICULO,SAMSUNG
278,05/01/2018,157,SAO PAULO,,SAMSUNG
1172,30/11/2021,155,TABOAO DA SERRA,FURTO (ART. 155) - OUTROS,SAMSUNG
92,30/11/2018,155,AVANHANDAVA,,SAMSUNG
172,30/11/2018,,SAO PAULO,FURTO (ART. 155) - OUTROS,
157,24/11/2018,155,SAO JOSE DOS CAMPOS,FURTO (ART. 155) - OUTROS,
1262,30/11/2021,155,CAMPINAS,FURTO (ART. 155) - OUTROS,XIAOMI
720,31/08/2019,157,ITAQUAQUECETUBA,ROUBO (ART. 157) - TRANSEUNTE,
451,31/01/2019,155,SAO PAULO,FURTO (ART. 155) - OUTROS,MOTOROLA
1032,31/08/2020,155,PRAIA GRANDE,FURTO (ART. 155) - OUTROS,OUTROS
54,30/11/2018,155,,FURTO (ART. 155) - OUTROS,MOTOROLA
535,31/01/2019,155,MIRANDOPOLIS,FURTO QUALIFICADO (ART. 155) - ESTABELECIMENTO COMERCIAL,MOTOROLA
813,01/01/2020,157,UBATUBA,ROUBO (ART. 157) - TRANSEUNTE,SAMSUNG
274,30/04/2018,157,SAO PAULO,,SAMSUNG
662,31/08/2019,157,SAO PAULO,ROUBO (ART. 157) - INTERIOR DE VEICULO,SAMSUNG
676,31/08/2019,,,ROUBO (ART. 157) - TRANSEUNTE,MOTOROLA
1187,25/11/2021,155,SAO PAULO,FURTO (ART. 155) - OUTROS,SAMSUNG
1297,30/11/2021,155,SAO PAULO,FURTO QUALIFICADO (ART. 155) - OUTROS,APPLE
1264,28/11/2021,155,JAGUARIUNA,FURTO (ART. 155) - OUTROS,MOTOROLA
109,30/11/2018,155,SAO PAULO,,MOTOROLA
130,12/01/2018,155,SANTANA DE PARNAIBA,,APPLE
110,30/11/2018,155,ITU,,MOTOROLA
103,30/11/2018,155,SAO PAULO,,SAMSUNG
105,30/11/2018,155,SAO PAULO,,APPLE
1114,29/08/2020,155,SAO PAULO,FURTO (ART. 155) - OUTROS,MOTOROLA
533,31/01/2019,155,BERTIOGA,FURTO (ART. 155) - TRANSEUNTE,SAMSUNG
1241,30/11/2021,155,SAO PAULO,FURTO (ART. 155) - OUTROS,LG
10,30/11/2018,155,PIRAJUI,FURTO (ART. 155) - TRANSEUNTE,SAMSUNG
1065,09/01/2020,155,SAO PAULO,FURTO (ART. 155) - OUTROS,SAMSUNG
602,31/08/2019,157,OSASCO,ROUBO (ART. 157) - INTERIOR DE VEICULO,MOTOROLA
1257,30/11/2021,155,SAO PAULO,FURTO (ART. 155) - OUTROS,MOTOROLA
163,30/11/2018,155,SAO PAULO,FURTO (ART. 155) - OUTROS,
1292,30/11/2021,155,SAO PAULO,FURTO (ART. 155) - OUTROS,MOTOROLA
1324,30/11/2021,,,,SAMSUNG
151,30/11/2018,155,SAO PAULO,FURTO (ART. 155) - OUTROS,
846,01/01/2020,,,,
232,29/04/2018,,,,
648,30/08/2019,157,CARAPICUIBA,ROUBO (ART. 157) - OUTROS,MOTOROLA
719,31/08/2019,157,SAO PAULO,ROUBO (ART. 157) - TRANSEUNTE,
644,31/08/2019,157,JOSE BONIFACIO,ROUBO (ART. 157) - OUTROS,MOTOROLA
679,28/08/2019,,,ROUBO (ART. 157) - OUTROS,ASUS
937,31/12/2019,157,MONGAGUA,ROUBO (ART. 157) - OUTROS,SAMSUNG
815,31/12/2019,157,SANTO ANDRE,ROUBO (ART. 157) - OUTROS,SAMSUNG
1141,30/08/2020,155,PRAIA GRANDE,FURTO (ART. 155) - RESIDENCIA,MOTOROLA
180,29/11/2018,,ITAQUAQUECETUBA,FURTO (ART. 155) - OUTROS,MOTOROLA
484,31/01/2019,155,SAO PAULO,FURTO (ART. 155) - OUTROS,APPLE
796,31/12/2019,157,SAO PAULO,ROUBO (ART. 157) - VEICULO,SAMSUNG
1200,26/11/2021,155,JAGUARIUNA,FURTO (ART. 155) - OUTROS,APPLE
1274,30/11/2021,155,SAO PAULO,FURTO (ART. 155) - OUTROS,SAMSUNG
1212,30/11/2021,155,SAO JOSE DO RIO PRETO,FURTO (ART. 155) - OUTROS,APPLE
453,31/01/2019,155,SAO PAULO,FURTO (ART. 155) - OUTROS,SAMSUNG
387,31/01/2019,155,SAO PAULO,FURTO (ART. 155) - OUTROS,MOTOROLA
670,31/08/2019,157,SAO PAULO,ROUBO (ART. 157) - INTERIOR DE VEICULO,MOTOROLA
749,09/01/2019,157,SAO PAULO,ROUBO (ART. 157) - TRANSEUNTE,SAMSUNG
277,05/01/2018,157,SOROCABA,,SAMSUNG
1370,28/11/2020,157,CAMPINAS,ROUBO (ART. 157) - OUTROS,OUTROS
150,29/11/2018,155,SAO PAULO,FURTO (ART. 155) - TRANSEUNTE,
1251,30/11/2021,155,OSASCO,FURTO (ART. 155) - OUTROS,SAMSUNG
639,31/08/2019,157,SAO PAULO,ROUBO (ART. 157) - OUTROS,MOTOROLA
798,01/01/2020,157,CARAGUATATUBA,ROUBO (ART. 157) - OUTROS,XIAOMI
525,31/01/2019,155,TATUI,FURTO (ART. 155) - OUTROS,MOTOROLA
1201,30/11/2021,155,SAO PAULO,FURTO (ART. 155) - OUTROS,ASUS
115,12/01/2018,155,GUARATINGUETA,,MOTOROLA
707,30/08/2019,157,SAO PAULO,ROUBO (ART. 157) - OUTROS,SAMSUNG
542,30/01/2019,155,ILHA SOLTEIRA,FURTO (ART. 155) - OUTROS,MOTOROLA
1362,28/02/2021,157,CAMPINAS,A.I.-ROUBO (ART. 157) - VEICULO,XIAOMI
1453,28/02/2021,157,SAO PAULO,ROUBO (ART. 157) - TRANSEUNTE,SAMSUNG
629,09/01/2019,157,SAO PAULO,ROUBO (ART. 157) - OUTROS,XIAOMI
261,30/04/2018,157,SAO PAULO,,MOTOROLA
1100,29/08/2020,155,ITANHAEM,FURTO (ART. 155) - INTERIOR ESTABELECIMENTO,MOTOROLA
986,31/08/2020,155,SAO PAULO,FURTO (ART. 155) - OUTROS,APPLE
393,31/01/2019,155,SAO PAULO,A.I.-FURTO QUALIFICADO (ART. 155) - TRANSEUNTE,APPLE
1253,20/11/2021,155,DIADEMA,FURTO (ART. 155) - OUTROS,APPLE
901,31/12/2019,157,SAO PAULO,ROUBO (ART. 157) - OUTROS,SAMSUNG
481,31/01/2019,155,SAO PAULO,FURTO QUALIFICADO (ART. 155) - TRANSEUNTE,APPLE
1234,09/01/2021,147,SAO PAULO,AMEACA (ART. 147),
927,01/01/2020,157,SAO PAULO,ROUBO (ART. 157) - TRANSEUNTE,MOTOROLA
1034,09/01/2020,155,SAO PAULO,FURTO (ART. 155) - OUTROS,SAMSUNG
1085,09/01/2020,155,SAO PAULO,FURTO (ART. 155) - OUTROS,APPLE
586,31/08/2019,157,SAO PAULO,ROUBO (ART. 157) - OUTROS,SAMSUNG
1038,26/08/2020,155,SAO PAULO,FURTO (ART. 155) - OUTROS,MULTILASER
154,30/11/2018,155,MONGAGUA,FURTO (ART. 155) - OUTROS,
186,30/11/2018,,SAO PAULO,FURTO (ART. 155) - OUTROS,SAMSUNG
576,30/01/2019,155,SAO PAULO,FURTO (ART. 155) - OUTROS,SAMSUNG
1254,27/11/2021,155,SAO PAULO,FURTO (ART. 155) - OUTROS,APPLE
1029,31/08/2020,155,SUZANO,FURTO (ART. 155) - OUTROS,XIAOMI
89,29/11/2018,155,MONGAGUA,,MULTILASER
1025,20/08/2020,155,SANTA ISABEL,FURTO (ART. 155) - OUTROS,MOTOROLA
193,30/11/2018,,SAO PAULO,FURTO (ART. 155) - OUTROS,MOTOROLA
598,29/08/2019,157,SAO PAULO,ROUBO (ART. 157) - OUTROS,MOTOROLA
1485,28/02/2021,157,,,ASUS
581,29/08/2019,157,SAO PAULO,ROUBO (ART. 157) - OUTROS,SAMSUNG
1236,27/11/2021,155,SAO PAULO,FURTO (ART. 155) - OUTROS,MOTOROLA
422,31/01/2019,155,SAO PAULO,FURTO (ART. 155) - OUTROS,APPLE
325,30/04/2018,157,SAO PAULO,ROUBO (ART. 157) - INTERIOR DE VEICULO,ASUS
558,02/01/2019,155,SAO JOAO DA BOA VISTA,FURTO QUALIFICADO (ART. 155) - RESIDENCIA,SAMSUNG
693,31/08/2019,,,ROUBO (ART. 157) - OUTROS,APPLE
834,31/12/2019,,,,
976,31/08/2020,155,SAO PAULO,FURTO QUALIFICADO (ART. 155) - INTERIOR TRANSPORTE COLETIVO,SAMSUNG
24,24/11/2018,155,SAO PAULO,FURTO (ART. 155) - OUTROS,MOTOROLA
582,30/08/2019,157,DIADEMA,ROUBO (ART. 157) - OUTROS,OUTROS
199,29/11/2018,,ITAPECERICA DA SERRA,FURTO QUALIFICADO (ART. 155) - RESIDENCIA,MOTOROLA
1160,30/11/2021,155,SAO PAULO,FURTO (ART. 155) - OUTROS,SAMSUNG
635,30/08/2019,157,SAO PAULO,ROUBO (ART. 157) - OUTROS,MOTOROLA
951,31/12/2019,157,GUARULHOS,ROUBO (ART. 157) - VEICULO,APPLE
262,29/04/2018,157,SAO PAULO,,LG
1363,28/02/2021,157,CAMPINAS,A.I.-ROUBO (ART. 157) - VEICULO,XIAOMI
1176,30/11/2021,155,SAO PAULO,FURTO (ART. 155) - OUTROS,APPLE
1426,26/02/2021,157,SAO PAULO,ROUBO (ART. 157) - INTERIOR DE VEICULO,POSITIVO
638,31/08/2019,157,COTIA,ROUBO (ART. 157) - OUTROS,MOTOROLA
253,30/04/2018,157,SAO PAULO,,SAMSUNG
31,29/11/2018,155,SAO PAULO,FURTO (ART. 155) - OUTROS,SAMSUNG
1301,12/01/2021,155,GUARULHOS,FURTO (ART. 155) - OUTROS,APPLE
1316,12/01/2021,,,,SAMSUNG
844,31/12/2019,,,,
310,05/01/2018,157,TABOAO DA SERRA,,SAMSUNG
737,09/01/2019,157,CARAGUATATUBA,ROUBO (ART. 157) - RESIDENCIA,
733,28/08/2019,157,SAO PAULO,ROUBO (ART. 157) - OUTROS,
890,01/01/2020,157,MONGAGUA,ROUBO (ART. 157) - TRANSEUNTE,SAMSUNG
365,29/04/2018,157,SAO PAULO,ROUBO (ART. 157) - TRANSEUNTE,APPLE
818,01/01/2020,157,OSASCO,ROUBO (ART. 157) - INTERIOR DE VEICULO,LENOVO
768,31/08/2019,157,SAO PAULO,ROUBO (ART. 157) - OUTROS,MOTOROLA
848,01/01/2020,157,SAO PAULO,ROUBO (ART. 157) - TRANSEUNTE,MOTOROLA
692,31/08/2019,,,ROUBO (ART. 157) - VEICULO,SAMSUNG
1099,27/08/2020,155,SAO CARLOS,FURTO (ART. 155) - OUTROS,MOTOROLA
1303,12/01/2021,155,SAO PAULO,FURTO (ART. 155) - OUTROS,MOTOROLA
1519,03/01/2021,157,SAO JOSE DOS CAMPOS,ROUBO (ART. 157) - TRANSEUNTE,SAMSUNG
604,09/01/2019,157,SAO JOSE DOS CAMPOS,ROUBO (ART. 157) - TRANSEUNTE,APPLE
1188,27/11/2021,155,SAO PAULO,FURTO (ART. 155) - OUTROS,MOTOROLA
1365,28/02/2021,157,CAMPINAS,ROUBO (ART. 157) - VEICULO,XIAOMI
503,02/01/2019,155,SAO PAULO,FURTO (ART. 155) - OUTROS,LENOVO
324,30/04/2018,157,SAO PAULO,ROUBO (ART. 157) - INTERIOR DE VEICULO,SAMSUNG
1039,09/01/2020,155,FRANCA,FURTO QUALIFICADO (ART. 155) - ESTABELECIMENTO-OUTROS,
454,31/01/2019,155,SAO PAULO,FURTO (ART. 155) - OUTROS,APPLE
496,30/01/2019,155,CAJATI,FURTO (ART. 155) - ESTABELECIMENTO COMERCIAL,MOTOROLA
219,30/04/2018,,SAO PAULO,A.I.-ROUBO (ART. 157) - TRANSEUNTE,OUTROS
1484,28/02/2021,157,,,MOTOROLA
1040,09/01/2020,155,SAO PAULO,FURTO (ART. 155) - TRANSEUNTE,
28,26/11/2018,155,SAO PAULO,FURTO (ART. 155) - OUTROS,SAMSUNG
447,02/01/2019,155,SAO PAULO,FURTO (ART. 155) - OUTROS,SAMSUNG
680,09/01/2019,,,ROUBO (ART. 157) - INTERIOR DE VEICULO,SAMSUNG
158,12/01/2018,155,ITANHAEM,FURTO QUALIFICADO (ART. 155) - RESIDENCIA,
217,30/04/2018,,MAUA,ROUBO (ART. 157) - TRANSEUNTE,SAMSUNG
938,31/12/2019,157,GUARULHOS,ROUBO (ART. 157) - VEICULO,SAMSUNG
300,30/04/2018,157,SAO PAULO,,SAMSUNG
594,31/08/2019,157,SAO PAULO,ROUBO (ART. 157) - OUTROS,SAMSUNG
1304,30/11/2021,155,SANTO ANDRE,FURTO (ART. 155) - OUTROS,MOTOROLA
1243,30/11/2021,155,SAO PAULO,FURTO (ART. 155) - OUTROS,MOTOROLA
1209,30/11/2021,155,SAO PAULO,FURTO (ART. 155) - OUTROS,MOTOROLA
1420,03/01/2021,157,SANTO ANDRE,ROUBO (ART. 157) - OUTROS,APPLE
718,31/08/2019,157,CARAPICUIBA,ROUBO (ART. 157) - TRANSEUNTE,
169,12/01/2018,,SAO PAULO,FURTO (ART. 155) - INTERIOR TRANSPORTE COLETIVO,
331,05/01/2018,157,SAO PAULO,ROUBO (ART. 157) - VEICULO,OUTROS
377,05/01/2018,157,SAO PAULO,ROUBO (ART. 157) - TRANSEUNTE,SAMSUNG
192,30/11/2018,,SAO PAULO,FURTO (ART. 155) - OUTROS,APPLE
1472,28/02/2021,157,,,LG
381,17/01/2019,155,SAO PAULO,FURTO (ART. 155) - TRANSEUNTE,MOTOROLA
170,12/01/2018,,SOROCABA,FURTO (ART. 155) - OUTROS,
429,31/01/2019,155,GUARULHOS,FURTO (ART. 155) - OUTROS,MOTOROLA
1465,02/03/2021,157,CARAPICUIBA,ROUBO (ART. 157) - TRANSEUNTE,XIAOMI
1419,28/02/2021,157,SAO CAETANO DO SUL,ROUBO (ART. 157) - TRANSEUNTE,APPLE
502,02/01/2019,155,SAO PAULO,FURTO (ART. 155) - OUTROS,SAMSUNG
243,30/04/2018,,,,
759,31/08/2019,157,VINHEDO,ROUBO (ART. 157) - TRANSEUNTE,APPLE
755,31/08/2019,157,SAO PEDRO,ROUBO (ART. 157) - RESIDENCIA,ASUS
86,30/11/2018,155,SAO PAULO,,SAMSUNG
207,30/04/2018,,PRAIA GRANDE,ROUBO (ART. 157) - TRANSEUNTE,MOTOROLA
1384,28/02/2021,157,SAO PAULO,ROUBO (ART. 157) - OUTROS,MOTOROLA
972,31/08/2020,155,SAO PAULO,FURTO (ART. 155) - OUTROS,SAMSUNG
299,05/01/2018,157,SANTO ANDRE,,MOTOROLA
1339,12/01/2021,,,,XIAOMI
136,12/01/2018,155,SAO PAULO,FURTO (ART. 155) - TRANSEUNTE,
1515,25/02/2021,157,SUZANO,ROUBO (ART. 157) - OUTROS,SAMSUNG
903,31/12/2019,157,SAO PAULO,ROUBO (ART. 157) - TRANSEUNTE,SAMSUNG
293,05/01/2018,157,SAO PAULO,,MOTOROLA
204,30/04/2018,,SANTO ANDRE,ROUBO (ART. 157) - TRANSEUNTE,MOTOROLA
202,29/04/2018,,SAO PAULO,ROUBO (ART. 157) - OUTROS,LENOVO
145,28/11/2018,155,SAO PAULO,FURTO (ART. 155) - OUTROS,
1291,30/10/2021,155,SAO PAULO,FURTO (ART. 155) - OUTROS,OUTROS
1431,03/01/2021,157,SAO PAULO,ROUBO (ART. 157) - TRANSEUNTE,MOTOROLA
117,12/01/2018,147,SAO JOAQUIM DA BARRA,,
1211,30/11/2021,155,SANTO ANDRE,FURTO (ART. 155) - OUTROS,MOTOROLA
148,12/01/2018,155,APARECIDA,FURTO (ART. 155) - OUTROS,
1001,30/08/2020,155,PRAIA GRANDE,FURTO (ART. 155) - OUTROS,SAMSUNG
1507,26/02/2021,157,SAO JOSE DOS CAMPOS,ROUBO (ART. 157) - TRANSEUNTE,MOTOROLA
445,15/12/2018,155,SAO PAULO,FURTO (ART. 155) - OUTROS,SAMSUNG
46,30/11/2018,155,,FURTO (ART. 155) - OUTROS,MOTOROLA
1258,30/11/2021,155,SAO PAULO,FURTO (ART. 155) - OUTROS,APPLE
22,30/11/2018,155,SAO PAULO,FURTO (ART. 155) - OUTROS,MOTOROLA
673,30/08/2019,,,ROUBO (ART. 157) - OUTROS,ASUS
1510,23/02/2021,157,GUARULHOS,ROUBO (ART. 157) - TRANSEUNTE,MOTOROLA
977,31/08/2020,155,SAO PAULO,FURTO (ART. 155) - OUTROS,SAMSUNG
882,31/12/2019,157,SAO PAULO,ROUBO (ART. 157) - TRANSEUNTE,APPLE
197,12/01/2018,,ARARAQUARA,FURTO (ART. 155) - TRANSEUNTE,LG
656,29/08/2019,157,SAO PAULO,ROUBO (ART. 157) - TRANSEUNTE,SAMSUNG
628,09/01/2019,157,SAO PAULO,ROUBO (ART. 157) - OUTROS,SAMSUNG
610,30/08/2019,157,SAO PAULO,ROUBO (ART. 157) - OUTROS,MOTOROLA
1237,30/11/2021,155,EMBU DAS ARTES,FURTO (ART. 155) - TRANSEUNTE,MOTOROLA
424,31/01/2019,155,SAO PAULO,FURTO (ART. 155) - OUTROS,SAMSUNG
196,30/11/2018,,SAO PAULO,FURTO (ART. 155) - OUTROS,LG
1434,25/02/2021,157,LINS,ROUBO (ART. 157) - OUTROS,MOTOROLA
369,28/04/2018,157,GUAREI,A.I.-ROUBO (ART. 157) - ESTABELECIMENTO COMERCIAL,MOTOROLA
1249,30/11/2021,155,SAO PAULO,FURTO (ART. 155) - OUTROS,SAMSUNG
825,01/01/2020,157,GUARUJA,ROUBO (ART. 157) - TRANSEUNTE,APPLE
1142,09/01/2020,155,SAO VICENTE,FURTO (ART. 155) - TRANSEUNTE,SAMSUNG
779,31/12/2019,157,,,APPLE
546,31/01/2019,155,SANTO ANDRE,FURTO (ART. 155) - OUTROS,SAMSUNG
869,01/01/2020,157,SAO PAULO,ROUBO (ART. 157) - TRANSEUNTE,SAMSUNG
637,30/08/2019,157,SAO PAULO,ROUBO (ART. 157) - OUTROS,LG
1526,03/01/2021,157,RIBEIRAO PRETO,ROUBO (ART. 157) - OUTROS,SAMSUNG
1481,28/02/2021,157,,,SAMSUNG
910,01/01/2020,180,SAO PAULO,A.I.-RECEPTACAO (ART. 180) - VEICULO,
1518,28/02/2021,157,GUARUJA,ROUBO (ART. 157) - RESIDENCIA,APPLE
1220,27/11/2021,155,COTIA,FURTO (ART. 155) - OUTROS,MOTOROLA
81,12/01/2018,155,SANTANA DE PARNAIBA,,LG
356,30/04/2018,157,ARACARIGUAMA,ROUBO (ART. 157) - VEICULO,SAMSUNG
1460,03/01/2021,157,SAO PAULO,ROUBO (ART. 157) - OUTROS,SAMSUNG
716,31/08/2019,157,SAO PAULO,ROUBO (ART. 157) - OUTROS,
238,30/04/2018,,,,
1091,29/08/2020,129,MOGI MIRIM,LESAO CORPORAL (ART 129),
592,31/08/2019,157,SAO PAULO,ROUBO (ART. 157) - OUTROS,APPLE
727,09/01/2019,157,SAO PAULO,ROUBO (ART. 157) - TRANSEUNTE,
641,31/08/2019,157,SAO PAULO,ROUBO (ART. 157) - OUTROS,XIAOMI
957,31/08/2020,155,SAO PAULO,FURTO (ART. 155) - OUTROS,APPLE
1103,31/08/2020,155,SAO PAULO,FURTO (ART. 155) - OUTROS,MOTOROLA
1358,28/02/2021,157,SAO PAULO,ROUBO (ART. 157) - VEICULO,SAMSUNG
1284,30/11/2021,155,SAO BERNARDO DO CAMPO,FURTO (ART. 155) - OUTROS,SAMSUNG
58,30/11/2014,155,,FURTO (ART. 155) - OUTROS,MOTOROLA
1192,30/11/2021,155,SAO PAULO,FURTO (ART. 155) - OUTROS,SAMSUNG
826,01/01/2020,157,CAMPINAS,ROUBO (ART. 157) - VEICULO,SAMSUNG
118,12/01/2018,155,SAO JOAQUIM DA BARRA,,LENOVO
735,09/01/2019,157,SAO PAULO,ROUBO (ART. 157) - TRANSEUNTE,
934,31/12/2019,157,SAO PAULO,ROUBO (ART. 157) - VEICULO,SAMSUNG
518,02/01/2019,155,SAO PAULO,FURTO (ART. 155) - OUTROS,APPLE
1487,26/02/2021,157,ITAQUAQUECETUBA,ROUBO (ART. 157) - INTERIOR DE VEICULO,MOTOROLA
1312,12/01/2021,155,SAO PAULO,FURTO (ART. 155) - OUTROS,SAMSUNG
570,02/01/2019,155,SAO PAULO,FURTO (ART. 155) - OUTROS,ASUS
1066,31/08/2020,155,CAJAMAR,FURTO (ART. 155) - OUTROS,LG
981,31/08/2020,155,SAO PAULO,FURTO (ART. 155) - OUTROS,LG
1275,29/11/2021,155,SAO PAULO,FURTO (ART. 155) - OUTROS,SAMSUNG
1341,12/01/2021,155,SAO PAULO,FURTO (ART. 155) - OUTROS,
1447,27/02/2021,157,ARUJA,ROUBO (ART. 157) - TRANSEUNTE,LG
1522,27/02/2021,157,SAO PAULO,ROUBO (ART. 157) - OUTROS,SAMSUNG
1524,03/01/2021,157,SAO PAULO,A.I.-ROUBO (ART. 157) - OUTROS,
1295,12/01/2021,155,SANTO ANDRE,FURTO (ART. 155) - OUTROS,OUTROS
1425,28/02/2021,157,BARUERI,ROUBO (ART. 157) - OUTROS,SAMSUNG
164,30/11/2018,155,SAO PAULO,FURTO (ART. 155) - OUTROS,
973,29/08/2020,147,SAO PAULO,AMEACA (ART. 147),
213,28/04/2018,,ITAQUAQUECETUBA,ROUBO (ART. 157) - INTERIOR DE VEICULO,SAMSUNG
537,25/12/2018,155,RIBEIRAO PRETO,FURTO (ART. 155) - VEICULO,APPLE
1081,09/01/2020,155,SAO PAULO,FURTO (ART. 155) - INTERIOR ESTABELECIMENTO,
1399,03/01/2021,157,SAO VICENTE,ROUBO (ART. 157) - OUTROS,SAMSUNG
1087,31/08/2020,155,FRANCO DA ROCHA,FURTO (ART. 155) - RESIDENCIA,SAMSUNG
340,30/04/2018,157,SAO PAULO,ROUBO (ART. 157) - VEICULO,MOTOROLA
821,31/12/2019,157,SAO PAULO,ROUBO (ART. 157) - OUTROS,SAMSUNG
845,01/01/2020,,,,
1078,31/08/2020,155,SAO PAULO,FURTO (ART. 155) - INTERIOR TRANSPORTE COLETIVO,SAMSUNG
142,30/11/2018,155,SAO PAULO,FURTO (ART. 155) - OUTROS,
771,09/01/2019,157,SAO PAULO,ROUBO (ART. 157) - OUTROS,SAMSUNG
880,31/12/2019,157,POA,ROUBO (ART. 157) - VEICULO,SAMSUNG
729,28/08/2019,157,SAO PAULO,ROUBO (ART. 157) - OUTROS,
778,31/12/2019,158,,,
795,31/12/2019,157,SAO PAULO,ROUBO (ART. 157) - INTERIOR TRANSPORTE COLETIVO,SAMSUNG
1289,27/11/2021,155,SAO PAULO,FURTO (ART. 155) - OUTROS,APPLE
1198,29/11/2021,155,SAO PAULO,FURTO (ART. 155) - OUTROS,SAMSUNG
203,27/04/2018,,TABOAO DA SERRA,ROUBO (ART. 157) - TRANSEUNTE,SAMSUNG
395,31/01/2019,155,SAO PAULO,FURTO (ART. 155) - OUTROS,LENOVO
713,30/08/2019,157,PIRACICABA,ROUBO (ART. 157) - VEICULO,
781,31/12/2019,157,,,MOTOROLA
366,30/04/2018,157,OSASCO,ROUBO (ART. 157) - TRANSEUNTE,SAMSUNG
1351,31/05/2021,155,MOGI DAS CRUZES,FURTO (ART. 155) - RESIDENCIA,APPLE
119,30/11/2018,155,SAO PAULO,,SAMSUNG
633,31/08/2019,157,SAO PAULO,ROUBO (ART. 157) - OUTROS,SAMSUNG
580,31/08/2019,157,PRAIA GRANDE,ROUBO (ART. 157) - OUTROS,MOTOROLA
1417,03/01/2021,157,SAO PAULO,ROUBO (ART. 157) - OUTROS,ASUS
1379,24/02/2021,157,CAMPINAS,ROUBO (ART. 157) - TRANSEUNTE,SAMSUNG
617,09/01/2019,157,SAO PAULO,ROUBO (ART. 157) - TRANSEUNTE,MOTOROLA
601,30/08/2019,157,SAO PAULO,ROUBO (ART. 157) - OUTROS,MOTOROLA
36,27/11/2018,155,SAO PAULO,FURTO (ART. 155) - OUTROS,MOTOROLA
1191,30/11/2021,155,SAO PAULO,FURTO (ART. 155) - OUTROS,MOTOROLA
1279,30/11/2021,155,SAO PAULO,FURTO (ART. 155) - OUTROS,APPLE
600,31/08/2019,329,CARAPICUIBA,RESISTENCIA (ART. 329),
1287,30/11/2021,155,SANTO ANDRE,FURTO (ART. 155) - OUTROS,APPLE
1313,30/11/2021,155,SAO PAULO,FURTO (ART. 155) - OUTROS,MOTOROLA
627,09/01/2019,157,SAO PAULO,ROUBO (ART. 157) - VEICULO,SAMSUNG
1126,26/08/2020,155,SAO PAULO,FURTO (ART. 155) - TRANSEUNTE,SAMSUNG
376,05/01/2018,157,SAO PAULO,ROUBO (ART. 157) - TRANSEUNTE,MOTOROLA
446,31/01/2019,155,SAO PAULO,FURTO (ART. 155) - INTERIOR TRANSPORTE COLETIVO,SAMSUNG
1352,31/05/2021,180,MOGI DAS CRUZES,RECEPTACAO (ART. 180) - OUTROS,
548,31/01/2019,155,SANTO ANTONIO DA ALEGRIA,FURTO QUALIFICADO (ART. 155) - RESIDENCIA,LG
121,12/01/2018,155,SAO PAULO,,SAMSUNG
120,12/01/2018,155,SAO PAULO,,SAMSUNG
1395,28/02/2021,157,GUARULHOS,ROUBO (ART. 157) - TRANSEUNTE,SAMSUNG
659,31/08/2019,157,SAO PAULO,ROUBO (ART. 157) - TRANSEUNTE,MOTOROLA
1285,29/11/2021,155,ITAQUAQUECETUBA,FURTO (ART. 155) - OUTROS,SAMSUNG
690,31/08/2019,,,ROUBO (ART. 157) - OUTROS,SAMSUNG
562,02/01/2019,155,CATANDUVA,FURTO (ART. 155) - ESTABELECIMENTO-OUTROS,SAMSUNG
75,29/11/2018,155,,,MOTOROLA
785,31/12/2019,157,,,MOTOROLA
579,31/08/2019,157,SAO BERNARDO DO CAMPO,ROUBO (ART. 157) - VEICULO,SAMSUNG
1248,30/11/2021,155,SAO PAULO,FURTO (ART. 155) - TRANSEUNTE,XIAOMI
1071,09/01/2020,155,SAO BERNARDO DO CAMPO,FURTO (ART. 155) - OUTROS,MOTOROLA
1347,12/01/2021,155,SAO PAULO,FURTO (ART. 155) - OUTROS,SAMSUNG
939,31/12/2019,157,SAO PAULO,ROUBO (ART. 157) - OUTROS,MOTOROLA
1364,28/02/2021,157,CAMPINAS,A.I.-ROUBO (ART. 157) - VEICULO,XIAOMI
559,01/01/2019,155,GUARACI,FURTO (ART. 155) - TRANSEUNTE,SAMSUNG
1148,31/08/2020,155,BARUERI,FURTO (ART. 155) - INTERIOR ESTABELECIMENTO,LG
522,23/01/2019,155,SALTO DE PIRAPORA,FURTO (ART. 155) - INTERIOR DE VEICULO,LG
116,12/01/2018,21,SAO JOAQUIM DA BARRA,,
7,30/11/2018,155,GUARULHOS,FURTO (ART. 155) - OUTROS,APPLE
943,31/12/2019,157,SAO PAULO,ROUBO (ART. 157) - TRANSEUNTE,SAMSUNG
756,31/08/2019,157,SAO PEDRO,ROUBO (ART. 157) - RESIDENCIA,MOTOROLA
1244,27/11/2021,155,SAO PAULO,FURTO (ART. 155) - OUTROS,SAMSUNG
1132,31/08/2020,155,SAO PAULO,FURTO (ART. 155) - OUTROS,MOTOROLA
1516,03/01/2021,157,ITANHAEM,ROUBO (ART. 157) - TRANSEUNTE,MOTOROLA
1404,28/02/2021,157,SAO PAULO,ROUBO (ART. 157) - TRANSEUNTE,LG
1010,31/08/2020,155,SAO PAULO,FURTO (ART. 155) - OUTROS,MOTOROLA
1167,27/11/2011,155,SAO PAULO,FURTO (ART. 155) - OUTROS,SAMSUNG
1158,30/11/2021,155,SAO PAULO,FURTO QUALIFICADO (ART. 155) - INTERIOR DE VEICULO,APPLE
682,31/08/2019,,,ROUBO (ART. 157) - OUTROS,APPLE
40,25/11/2018,155,SAO PAULO,FURTO (ART. 155) - OUTROS,APPLE
640,30/08/2019,157,SAO PAULO,ROUBO (ART. 157) - OUTROS,SAMSUNG
406,25/01/2019,155,GUARULHOS,FURTO (ART. 155) - OUTROS,SAMSUNG
1331,29/11/2021,,,,SAMSUNG
490,31/01/2019,155,SAO PAULO,FURTO (ART. 155) - OUTROS,MOTOROLA
650,30/08/2019,157,SAO PAULO,ROUBO (ART. 157) - OUTROS,SAMSUNG
483,30/01/2019,155,GUARUJA,FURTO (ART. 155) - VEICULO,MOTOROLA
384,30/01/2019,155,SAO PAULO,FURTO (ART. 155) - OUTROS,MOTOROLA
329,05/01/2018,157,SANTOS,ROUBO (ART. 157) - OUTROS,MOTOROLA
667,31/08/2019,157,SAO PAULO,ROUBO (ART. 157) - INTERIOR DE VEICULO,SAMSUNG
695,31/08/2019,,,ROUBO (ART. 157) - OUTROS,SAMSUNG
529,02/01/2019,155,GUARUJA,FURTO (ART. 155) - OUTROS,SAMSUNG
1302,30/11/2021,155,TAQUARITUBA,FURTO (ART. 155) - RESIDENCIA,SAMSUNG
269,30/04/2018,157,SAO PAULO,,SAMSUNG
1333,12/01/2021,,,,SAMSUNG
732,31/08/2019,157,SAO PAULO,ROUBO (ART. 157) - OUTROS,
175,29/11/2018,,SAO PAULO,FURTO (ART. 155) - TRANSEUNTE,SAMSUNG
916,01/01/2020,157,ITATIBA,ROUBO (ART. 157) - OUTROS,XIAOMI
520,23/01/2019,155,RIO CLARO,FURTO QUALIFICADO (ART. 155) - ESTABELECIMENTO COMERCIAL,LG
1213,30/11/2021,155,SAO PAULO,FURTO (ART. 155) - OUTROS,MOTOROLA
842,01/01/2020,,,,
144,29/11/2018,155,SAO PAULO,FURTO (ART. 155) - OUTROS,
1385,28/02/2021,157,SAO PAULO,ROUBO (ART. 157) - OUTROS,SAMSUNG
761,09/01/2019,157,SAO PAULO,ROUBO (ART. 157) - OUTROS,SAMSUNG
187,30/11/2018,,SAO PAULO,FURTO QUALIFICADO (ART. 155) - INTERIOR DE VEICULO,APPLE
1471,28/02/2021,157,,,LG
1455,28/02/2021,157,SAO PAULO,ROUBO (ART. 157) - OUTROS,APPLE
686,09/01/2019,,,ROUBO (ART. 157) - TRANSEUNTE,SAMSUNG
1430,28/02/2021,157,SERTAOZINHO,ROUBO (ART. 157) - TRANSEUNTE,SAMSUNG
1232,30/11/2021,155,SAO PAULO,FURTO (ART. 155) - OUTROS,APPLE
1433,25/02/2021,147,LINS,AMEACA (ART. 147),
738,31/08/2019,157,DIADEMA,ROUBO (ART. 157) - OUTROS,
532,31/01/2019,155,REGISTRO,FURTO (ART. 155) - ESTABELECIMENTO-OUTROS,APPLE
922,01/01/2020,157,SAO PAULO,ROUBO (ART. 157) - OUTROS,APPLE
935,31/12/2019,157,SAO PAULO,ROUBO (ART. 157) - VEICULO,SAMSUNG
742,31/08/2019,157,SAO PAULO,ROUBO (ART. 157) - VEICULO,LG
1082,31/08/2020,155,SAO PAULO,FURTO (ART. 155) - OUTROS,
992,31/08/2020,155,SAO PAULO,FURTO (ART. 155) - OUTROS,MOTOROLA
452,31/01/2019,155,SAO PAULO,FURTO (ART. 155) - OUTROS,APPLE
1354,28/02/2021,157,GUARUJA,ROUBO (ART. 157) - VEICULO,APPLE
137,12/01/2018,155,JALES,FURTO (ART. 155) - INTERIOR ESTABELECIMENTO,
74,30/11/2018,155,,,MOTOROLA
388,31/01/2019,155,SAO PAULO,FURTO (ART. 155) - OUTROS,MOTOROLA
241,30/04/2018,,,,
1153,26/11/2021,155,SAO PAULO,FURTO (ART. 155) - TRANSEUNTE,XIAOMI
962,31/08/2020,155,SAO PAULO,FURTO (ART. 155) - OUTROS,SAMSUNG
1048,28/08/2020,155,SAO PAULO,FURTO (ART. 155) - OUTROS,SAMSUNG
703,31/08/2019,157,SAO PAULO,ROUBO (ART. 157) - OUTROS,SAMSUNG
411,28/01/2019,155,SAO CRUZ DO RIO PARDO,FURTO (ART. 155) - OUTROS,SAMSUNG
1421,28/02/2021,157,FRANCISCO MORATO,ROUBO (ART. 157) - TRANSEUNTE,MOTOROLA
407,30/01/2019,155,SAO PAULO,FURTO (ART. 155) - OUTROS,SAMSUNG
107,12/01/2018,155,PRESIDENTE PRUDENTE,,
495,29/01/2019,155,CARAPICUIBA,FURTO (ART. 155) - OUTROS,APPLE
1007,31/08/2020,155,SAO PAULO,FURTO (ART. 155) - ESTABELECIMENTO-OUTROS,APPLE
287,30/04/2018,157,SAO PAULO,,APPLE
87,11/12/2018,155,GUARULHOS,,SAMSUNG
1151,09/01/2020,155,SAO PAULO,FURTO QUALIFICADO (ART. 155) - INTERIOR DE VEICULO,APPLE
385,31/01/2019,155,SAO PAULO,FURTO (ART. 155) - OUTROS,SAMSUNG
188,30/11/2018,,CRUZEIRO,FURTO QUALIFICADO (ART. 155) - TRANSEUNTE,SAMSUNG
551,21/01/2019,155,DRACENA,FURTO (ART. 155) - RESIDENCIA,SAMSUNG
53,29/11/2018,155,,FURTO (ART. 155) - OUTROS,APPLE
363,30/04/2018,157,CAMPINAS,ROUBO (ART. 157) - INTERIOR ESTABELECIMENTO,SAMSUNG
492,02/01/2019,155,SAO PAULO,FURTO (ART. 155) - OUTROS,SAMSUNG
220,30/04/2018,,,,
227,30/04/2018,,,,
8,30/11/2018,155,GUARULHOS,FURTO (ART. 155) - OUTROS,MOTOROLA
850,31/12/2019,157,SAO PAULO,ROUBO (ART. 157) - OUTROS,XIAOMI
1178,30/11/2021,155,SUZANO,FURTO (ART. 155) - OUTROS,SAMSUNG
949,31/12/2019,157,SAO PAULO,ROUBO (ART. 157) - TRANSEUNTE,MOTOROLA
211,30/04/2018,,SAO PAULO,ROUBO (ART. 157) - VEICULO,APPLE
811,31/12/2019,157,GUARULHOS,ROUBO (ART. 157) - VEICULO,HUAWEI
730,31/08/2019,157,SANTOS,ROUBO (ART. 157) - OUTROS,
1207,30/11/2021,155,SAO PAULO,FURTO (ART. 155) - OUTROS,SAMSUNG
1011,31/08/2020,155,SAO PAULO,FURTO (ART. 155) - OUTROS,OUTROS
739,09/01/2019,157,GUARULHOS,ROUBO (ART. 157) - OUTROS,
467,31/01/2019,155,SANTOS,FURTO (ART. 155) - OUTROS,SAMSUNG
924,01/01/2020,157,SAO PAULO,ROUBO (ART. 157) - VEICULO,SAMSUNG
1378,28/02/2021,157,BIRIGUI,ROUBO (ART. 157) - TRANSEUNTE,MOTOROLA
952,31/12/2019,157,GUARULHOS,ROUBO (ART. 157) - VEICULO,ASUS
94,30/11/2018,155,SAO PAULO,,SAMSUNG
1122,09/01/2020,155,SAO VICENTE,FURTO (ART. 155) - TRANSEUNTE,LENOVO
1332,30/11/2021,,,,SAMSUNG
1021,30/08/2020,155,SUMARE,FURTO (ART. 155) - OUTROS,
852,01/01/2020,157,MONGAGUA,ROUBO (ART. 157) - OUTROS,MOTOROLA
1224,30/11/2021,155,CAMPINAS,FURTO (ART. 155) - OUTROS,SAMSUNG
26,26/11/2018,155,SAO PAULO,FURTO (ART. 155) - OUTROS,APPLE
814,31/12/2019,157,TABOAO DA SERRA,ROUBO (ART. 157) - VEICULO,NOKIA
800,31/12/2019,157,MOGI DAS CRUZES,ROUBO (ART. 157) - TRANSEUNTE,MOTOROLA
1474,27/02/2021,157,,,
1416,03/01/2021,157,SAO PAULO,ROUBO (ART. 157) - OUTROS,MOTOROLA
1161,30/11/2021,155,SAO PAULO,FURTO (ART. 155) - OUTROS,MOTOROLA
462,31/01/2019,155,SAO PAULO,FURTO (ART. 155) - OUTROS,OUTROS
941,30/12/2019,157,MAUA,ROUBO (ART. 157) - TRANSEUNTE,SAMSUNG
706,09/01/2019,157,SAO PAULO,ROUBO (ART. 157) - TRANSEUNTE,MOTOROLA
770,09/01/2019,157,CAMPINAS,ROUBO (ART. 157) - OUTROS,MOTOROLA
956,31/08/2020,155,SAO PAULO,FURTO (ART. 155) - OUTROS,MOTOROLA
1169,30/11/2021,155,SAO PAULO,FURTO (ART. 155) - OUTROS,APPLE
396,31/01/2018,155,SAO PAULO,FURTO (ART. 155) - OUTROS,SAMSUNG
709,31/08/2019,157,SAO PAULO,ROUBO (ART. 157) - OUTROS,
51,30/11/2018,155,,FURTO (ART. 155) - OUTROS,SAMSUNG
1156,30/11/2021,155,SAO PAULO,FURTO (ART. 155) - OUTROS,APPLE
37,27/11/2018,155,SAO PAULO,FURTO (ART. 155) - OUTROS,SAMSUNG
988,31/08/2020,155,SAO PAULO,FURTO (ART. 155) - OUTROS,SAMSUNG
817,01/01/2020,157,OSASCO,ROUBO (ART. 157) - INTERIOR DE VEICULO,APPLE
646,09/01/2019,157,MOGI DAS CRUZES,ROUBO (ART. 157) - TRANSEUNTE,LG
797,28/12/2019,157,SAO PAULO,ROUBO (ART. 157) - OUTROS,MOTOROLA
1195,28/11/2021,155,ITAQUAQUECETUBA,FURTO (ART. 155) - OUTROS,MOTOROLA
1231,26/11/2021,155,SAO PAULO,FURTO (ART. 155) - OUTROS,SAMSUNG
1004,31/08/2020,155,FRANCISCO MORATO,FURTO (ART. 155) - TRANSEUNTE,SAMSUNG
450,29/01/2019,155,SAO PAULO,FURTO (ART. 155) - OUTROS,SAMSUNG
234,30/04/2018,,,,
793,31/12/2019,157,SAO PAULO,ROUBO (ART. 157) - INTERIOR TRANSPORTE COLETIVO,LG
1505,28/02/2021,157,SAO PAULO,ROUBO (ART. 157) - TRANSEUNTE,MOTOROLA
1403,27/02/2021,157,PEDERNEIRAS,ROUBO (ART. 157) - TRANSEUNTE,MOTOROLA
67,30/11/2018,155,,,SAMSUNG
978,28/08/2020,155,SAO PAULO,FURTO (ART. 155) - OUTROS,SAMSUNG
566,02/01/2019,155,ILHA COMPRIDA,FURTO (ART. 155) - OUTROS,LG
1125,09/01/2020,155,GUARUJA,FURTO (ART. 155) - OUTROS,MOTOROLA
1326,30/11/2021,,,,APPLE
276,30/04/2018,157,JACAREI,,MOTOROLA
235,29/04/2018,,,,
295,05/01/2018,157,SAO PAULO,,SAMSUNG
828,01/01/2020,,,,
1452,28/02/2021,157,SAO PAULO,ROUBO (ART. 157) - OUTROS,LG
700,09/01/2019,,,ROUBO (ART. 157) - INTERIOR DE VEICULO,SAMSUNG
161,30/11/2018,155,SAO PAULO,FURTO (ART. 155) - OUTROS,
1089,28/08/2020,155,GUARULHOS,FURTO (ART. 155) - OUTROS,ASUS
655,30/08/2019,157,SAO PAULO,ROUBO (ART. 157) - TRANSEUNTE,MOTOROLA
898,01/01/2020,157,CAMPINAS,ROUBO (ART. 157) - VEICULO,MOTOROLA
95,30/11/2018,155,SAO PAULO,,MOTOROLA
804,01/01/2020,157,PRAIA GRANDE,ROUBO (ART. 157) - TRANSEUNTE,ALCATEL
1076,29/08/2020,155,RIBEIRAO PRETO,FURTO (ART. 155) - OUTROS,SAMSUNG
1402,03/01/2021,157,SAO PAULO,ROUBO (ART. 157) - OUTROS,MOTOROLA
1225,29/11/2021,155,RIBEIRAO PRETO,FURTO (ART. 155) - OUTROS,MOTOROLA
258,30/04/2018,157,GUARULHOS,,MOTOROLA
48,29/11/2018,155,,FURTO (ART. 155) - OUTROS,SAMSUNG
122,30/11/2018,155,SAO PAULO,,MOTOROLA
675,31/08/2019,,,ROUBO (ART. 157) - TRANSEUNTE,APPLE
578,29/01/2019,155,SAO PAULO,FURTO QUALIFICADO (ART. 155) - INTERIOR TRANSPORTE COLETIVO,SAMSUNG
259,30/04/2018,157,SAO PAULO,,LG-
1240,30/11/2021,155,SAO PAULO,FURTO (ART. 155) - OUTROS,MOTOROLA
16,30/11/2018,155,SAO BERNARDO DO CAMPO,FURTO (ART. 155) - OUTROS,SAMSUNG
619,06/04/2019,157,SAO PAULO,ROUBO (ART. 157) - OUTROS,POSITIVO
1443,03/01/2021,157,SAO PAULO,ROUBO (ART. 157) - OUTROS,MOTOROLA
964,31/08/2020,155,SAO PAULO,FURTO (ART. 155) - OUTROS,SAMSUNG
940,01/01/2020,157,PRAIA GRANDE,ROUBO (ART. 157) - OUTROS,SAMSUNG
1216,30/11/2021,155,CAMPINAS,FURTO (ART. 155) - OUTROS,APPLE
370,28/04/2018,157,GUAREI,ROUBO (ART. 157) - ESTABELECIMENTO COMERCIAL,MOTOROLA
303,30/04/2018,157,SAO PAULO,,MOTOROLA
1139,29/08/2020,155,SAO PAULO,FURTO QUALIFICADO (ART. 155) - ESTABELECIMENTO ENSINO,SAMSUNG
153,29/11/2018,155,SAO PAULO,FURTO (ART. 155) - OUTROS,
1467,28/02/2021,157,GUARULHOS,ROUBO (ART. 157) - OUTROS,OUTROS
264,30/04/2018,157,SAO PAULO,,MOTOROLA
1026,31/08/2020,155,SAO PAULO,FURTO (ART. 155) - OUTROS,SAMSUNG
984,09/01/2020,155,SAO PAULO,FURTO (ART. 155) - OUTROS,SAMSUNG
583,30/08/2019,157,OSASCO,ROUBO (ART. 157) - OUTROS,SAMSUNG
993,28/08/2020,155,SAO PAULO,FURTO (ART. 155) - OUTROS,MOTOROLA
1230,30/11/2021,155,SAO PAULO,FURTO (ART. 155) - OUTROS,SAMSUNG
1051,08/01/2020,155,ATIBAIA,FURTO (ART. 155) - TRANSEUNTE,SAMSUNG
147,30/11/2018,155,SAO PAULO,FURTO (ART. 155) - OUTROS,
840,01/01/2020,,,,
222,30/04/2018,,,,
858,01/01/2020,157,SAO PAULO,ROUBO (ART. 157) - TRANSEUNTE,SAMSUNG
418,31/01/2019,155,SAO PAULO,FURTO (ART. 155) - OUTROS,MOTOROLA
1055,31/08/2020,155,BURITAMA,FURTO (ART. 155) - OUTROS,MOTOROLA
1448,03/01/2021,157,SAO PAULO,ROUBO (ART. 157) - OUTROS,MOTOROLA
497,31/01/2019,155,SAO PAULO,FURTO QUALIFICADO (ART. 155) - INTERIOR DE VEICULO,MOTOROLA
1380,28/02/2021,157,SAO PAULO,ROUBO (ART. 157) - OUTROS,APPLE
442,31/01/2019,155,SAO PAULO,FURTO (ART. 155) - OUTROS,APPLE
995,31/08/2020,155,SAO PAULO,FURTO (ART. 155) - OUTROS,SAMSUNG
946,29/12/2019,157,SAO PAULO,ROUBO (ART. 157) - VEICULO,ASUS
72,12/01/2018,155,,,SAMSUNG
1496,28/02/2021,157,SAO PAULO,ROUBO (ART. 157) - TRANSEUNTE,LG
391,31/01/2019,155,SUMARE,FURTO (ART. 155) - OUTROS,SAMSUNG
1113,28/08/2020,155,GUARUJA,FURTO (ART. 155) - OUTROS,LG
494,31/01/2019,155,SAO PAULO,FURTO (ART. 155) - INTERIOR ESTABELECIMENTO,MOTOROLA
62,29/11/2018,155,,FURTO (ART. 155) - TRANSEUNTE,APPLE
155,30/11/2018,155,SAO PAULO,FURTO (ART. 155) - OUTROS,
979,28/08/2020,155,OSASCO,FURTO (ART. 155) - OUTROS,LG
57,12/01/2018,155,,FURTO (ART. 155) - OUTROS,LG
853,01/01/2020,157,GUARUJA,ROUBO (ART. 157) - TRANSEUNTE,APPLE
1400,25/02/2021,157,CARAPICUIBA,ROUBO (ART. 157) - OUTROS,LG
663,09/01/2019,157,AMERICANA,ROUBO (ART. 157) - TRANSEUNTE,LENOVO
210,30/04/2018,,COTIA,ROUBO (ART. 157) - VEICULO,MOTOROLA
1427,28/02/2021,157,SAO JOSE DOS CAMPOS,ROUBO (ART. 157) - TRANSEUNTE,SAMSUNG
871,22/12/2019,157,FRANCISCO MORATO,ROUBO (ART. 157) - OUTROS,MOTOROLA
378,30/04/2018,157,SAO VICENTE,ROUBO (ART. 157) - ESTABELECIMENTO COMERCIAL,MOTOROLA
344,05/01/2018,157,SAO PAULO,ROUBO (ART. 157) - VEICULO,ASUS
352,30/04/2018,157,ARACARIGUAMA,ROUBO (ART. 157) - CARGA,SAMSUNG
302,30/04/2018,157,SAO PAULO,,SAMSUNG
857,31/12/2019,157,SAO PAULO,ROUBO (ART. 157) - OUTROS,MOTOROLA
327,29/04/2018,157,SAO PAULO,ROUBO (ART. 157) - VEICULO,MOTOROLA
1242,29/11/2021,155,CAMPINAS,FURTO (ART. 155) - OUTROS,MOTOROLA
591,09/01/2019,157,CAMPINAS,ROUBO (ART. 157) - VEICULO,SAMSUNG
666,29/08/2019,157,SAO PAULO,ROUBO (ART. 157) - TRANSEUNTE,SAMSUNG
931,31/12/2019,157,SAO PAULO,ROUBO (ART. 157) - TRANSEUNTE,SAMSUNG
607,31/08/2019,157,COTIA,ROUBO (ART. 157) - VEICULO,MOTOROLA
312,05/01/2018,157,SAO PAULO,,SAMSUNG
1092,29/08/2020,163,MOGI MIRIM,DANO (ART. 163),
1270,30/11/2021,155,SAO PAULO,FURTO (ART. 155) - OUTROS,SAMSUNG
382,17/01/2019,155,SAO PAULO,FURTO (ART. 155) - TRANSEUNTE,MOTOROLA
766,30/08/2019,157,SAO PAULO,ROUBO (ART. 157) - TRANSEUNTE,SAMSUNG
52,30/11/2018,155,,FURTO (ART. 155) - OUTROS,SAMSUNG
760,31/08/2019,157,VINHEDO,ROUBO (ART. 157) - TRANSEUNTE,SAMSUNG
1203,28/11/2021,155,SAO JOSE DO RIO PRETO,FURTO (ART. 155) - OUTROS,APPLE
1486,28/02/2021,157,,,ASUS
647,31/08/2019,157,SAO PAULO,ROUBO (ART. 157) - TRANSEUNTE,APPLE
1050,13/08/2020,155,VOTUPORANGA,FURTO (ART. 155) - OUTROS,MOTOROLA
128,11/01/2018,155,NOVA ODESSA,,MOTOROLA
838,31/12/2019,,,,
345,05/01/2018,157,SAO PAULO,ROUBO (ART. 157) - VEICULO,SAMSUNG
322,05/01/2018,157,SAO PAULO,ROUBO (ART. 157) - TRANSEUNTE,IPHONE
556,26/01/2019,155,SAO PAULO,FURTO (ART. 155) - OUTROS,APPLE
1179,27/11/2021,155,SAO PAULO,FURTO (ART. 155) - OUTROS,APPLE
895,31/12/2019,157,OSASCO,ROUBO (ART. 157) - TRANSEUNTE,MOTOROLA
606,31/08/2019,157,COTIA,ROUBO (ART. 157) - VEICULO,MOTOROLA
482,31/01/2019,155,SAO PAULO,FURTO (ART. 155) - OUTROS,SAMSUNG
176,12/01/2018,,ARARAS,FURTO (ART. 155) - TRANSEUNTE,MOTOROLA
173,30/11/2018,,SAO PAULO,FURTO (ART. 155) - OUTROS,MOTOROLA
721,30/08/2019,157,SANTO ANDRE,ROUBO (ART. 157) - OUTROS,
1118,29/08/2020,155,ESPIRITO SANTO PINHAL,FURTO QUALIFICADO (ART. 155) - RESIDENCIA,OUTROS
1437,28/02/2021,157,SAO PAULO,ROUBO (ART. 157) - TRANSEUNTE,OUTROS
1308,29/11/2021,155,JOSE BONIFACIO,FURTO (ART. 155) - ESTABELECIMENTO COMERCIAL,MOTOROLA
1052,31/08/2020,155,REGISTRO,FURTO (ART. 155) - ESTABELECIMENTO COMERCIAL,APPLE
60,12/01/2018,155,,FURTO QUALIFICADO (ART. 155) - ESTABELECIMENTO COMERCIAL,NOKIA
997,29/08/2020,155,MOGI DAS CRUZES,FURTO (ART. 155) - OUTROS,SAMSUNG
1446,03/01/2021,157,FERRAZ DE VASCONCELOS,ROUBO (ART. 157) - OUTROS,MOTOROLA
914,01/01/2020,157,SAO PAULO,ROUBO (ART. 157) - OUTROS,MOTOROLA
226,30/04/2018,,,,
1035,31/08/2020,155,SAO PAULO,FURTO (ART. 155) - OUTROS,LG
1190,28/11/2021,155,ITAPEVI,FURTO (ART. 155) - OUTROS,SAMSUNG
97,28/11/2018,155,JUNDIAI,,SAMSUNG
1278,30/11/2021,155,SAO PAULO,FURTO (ART. 155) - OUTROS,LG
431,31/01/2019,155,SAO PAULO,FURTO (ART. 155) - OUTROS,SAMSUNG
746,31/08/2019,157,GUARATINGUETA,ROUBO (ART. 157) - TRANSEUNTE,SAMSUNG
1390,03/01/2021,157,SANTOS,ROUBO (ART. 157) - OUTROS,APPLE
394,31/01/2019,155,SAO PAULO,FURTO (ART. 155) - OUTROS,MOTOROLA
471,31/01/2019,155,SANTO ANDRE,FURTO QUALIFICADO (ART. 155) - INTERIOR TRANSPORTE COLETIVO,SAMSUNG
315,05/01/2018,157,TABOAO DA SERRA,ROUBO (ART. 157) - TRANSEUNTE,SAMSUNG
421,30/01/2019,155,SAO PAULO,FURTO (ART. 155) - OUTROS,SAMSUNG
1479,25/02/2021,157,,,LG
410,31/01/2019,155,SAO PAULO,FURTO (ART. 155) - OUTROS,SAMSUNG
974,29/08/2020,155,SAO PAULO,FURTO (ART. 155) - OUTROS,
758,31/08/2019,157,SAO PAULO,ROUBO (ART. 157) - OUTROS,LG
1338,12/01/2021,,,,SAMSUNG
1012,30/08/2020,155,SAO PAULO,FURTO (ART. 155) - INTERIOR TRANSPORTE COLETIVO,SAMSUNG
990,29/08/2020,155,SAO PAULO,FURTO (ART. 155) - OUTROS,SAMSUNG
1023,31/08/2020,155,SAO PAULO,FURTO (ART. 155) - TRANSEUNTE,APPLE
1318,13/11/2021,,,,APPLE
873,31/12/2019,157,SAO PAULO,ROUBO (ART. 157) - VEICULO,SAMSUNG
499,26/01/2019,155,SAO PAULO,FURTO (ART. 155) - ESTABELECIMENTO COMERCIAL,LG
774,31/12/2019,157,SAO PAULO,ROUBO (ART. 157) - VEICULO,MOTOROLA
1428,27/02/2021,157,SAO PAULO,ROUBO (ART. 157) - TRANSEUNTE,SAMSUNG
1154,23/10/2021,155,CAMPINAS,FURTO (ART. 155) - OUTROS,SAMSUNG
1300,12/01/2021,155,SAO PAULO,FURTO (ART. 155) - OUTROS,XIAOMI
427,31/01/2019,155,SAO PAULO,FURTO (ART. 155) - OUTROS,SAMSUNG
669,31/08/2019,157,SAO PAULO,ROUBO (ART. 157) - VEICULO,SAMSUNG
1109,31/08/2020,155,SAO PAULO,FURTO (ART. 155) - OUTROS,SAMSUNG
1088,09/01/2020,155,SAO PAULO,FURTO (ART. 155) - OUTROS,
432,31/01/2019,155,SAO PAULO,FURTO (ART. 155) - OUTROS,APPLE
30,29/11/2018,155,OSASCO,FURTO (ART. 155) - OUTROS,SAMSUNG
753,09/01/2019,157,FRANCISCO MORATO,ROUBO (ART. 157) - TRANSEUNTE,SAMSUNG
847,01/01/2020,,,,
1266,30/11/2021,155,SAO PAULO,FURTO (ART. 155) - OUTROS,XIAOMI
717,31/08/2019,157,VINHEDO,ROUBO (ART. 157) - INTERIOR DE VEICULO,
1412,03/01/2021,157,SAO PAULO,ROUBO (ART. 157) - OUTROS,SAMSUNG
1367,28/02/2021,157,CAMPINAS,ROUBO (ART. 157) - VEICULO,XIAOMI
1068,30/08/2020,155,SAO PAULO,FURTO QUALIFICADO (ART. 155) - RESIDENCIA,SAMSUNG
539,25/12/2018,155,RIBEIRAO PRETO,FURTO QUALIFICADO (ART. 155) - RESIDENCIA,APPLE
1388,28/02/2021,157,RIBEIRAO PRETO,ROUBO (ART. 157) - OUTROS,SAMSUNG
1418,03/01/2021,157,SAO PAULO,ROUBO (ART. 157) - OUTROS,XIAOMI
875,31/12/2019,157,SUZANO,ROUBO (ART. 157) - VEICULO,SAMSUNG
162,30/11/2018,155,SAO PAULO,FURTO (ART. 155) - OUTROS,
989,31/08/2020,155,CARAPICUIBA,FURTO (ART. 155) - OUTROS,SAMSUNG
459,31/01/2018,155,SAO JOSE DOS CAMPOS,FURTO (ART. 155) - OUTROS,APPLE
59,30/11/2018,155,,FURTO (ART. 155) - OUTROS,SAMSUNG
773,29/08/2019,157,SAO PAULO,ROUBO (ART. 157) - INTERIOR DE VEICULO,SAMSUNG
379,05/01/2018,157,SAO PAULO,ROUBO (ART. 157) - TRANSEUNTE,APPLE
93,24/11/2018,155,LORENA,,POSITIVO
133,30/11/2018,155,SAO JOSE DOS CAMPOS,,
1079,08/01/2020,155,SAO PAULO,FURTO (ART. 155) - TRANSEUNTE,
1387,28/02/2021,157,SAO PAULO,ROUBO (ART. 157) - VEICULO,SAMSUNG
932,31/12/2019,157,SANTO ANDRE,ROUBO (ART. 157) - RESIDENCIA,SAMSUNG
1483,28/02/2021,157,,,SAMSUNG
654,30/08/2019,157,COTIA,ROUBO (ART. 157) - TRANSEUNTE,MOTOROLA
590,31/08/2019,157,DIADEMA,ROUBO (ART. 157) - OUTROS,MOTOROLA
1317,30/11/2021,,,,MOTOROLA
1383,03/01/2021,157,SAO PAULO,ROUBO (ART. 157) - OUTROS,SAMSUNG
168,30/11/2018,,ITAPEVI,FURTO (ART. 155) - OUTROS,
724,31/08/2019,157,DIADEMA,ROUBO (ART. 157) - APLICATIVO DE MOBILIDADE URBANA,
1372,28/02/2021,157,ITAQUAQUECETUBA,ROUBO (ART. 157) - TRANSEUNTE,MOTOROLA
1041,09/01/2020,155,SANTANA DE PARNAIBA,FURTO (ART. 155) - OUTROS,OUTROS
1159,27/11/2021,155,SAO PAULO,FURTO (ART. 155) - OUTROS,SAMSUNG
489,31/01/2019,155,SAO PAULO,FURTO (ART. 155) - OUTROS,SAMSUNG
318,05/01/2018,157,SAO PAULO,ROUBO (ART. 157) - TRANSEUNTE,SAMSUNG
805,01/01/2020,157,PRAIA GRANDE,ROUBO (ART. 157) - TRANSEUNTE,SAMSUNG
1110,09/01/2020,155,REGENTE FEIJO,FURTO (ART. 155) - INTERIOR DE VEICULO,SAMSUNG
1319,30/11/2021,,,,MOTOROLA
1492,03/01/2021,157,SAO PAULO,ROUBO (ART. 157) - TRANSEUNTE,SAMSUNG
33,29/11/2018,155,SAO PAULO,FURTO (ART. 155) - OUTROS,SAMSUNG
23,30/11/2018,155,SAO PAULO,FURTO (ART. 155) - OUTROS,SAMSUNG
807,31/12/2019,157,BARUERI,ROUBO (ART. 157) - VEICULO,MOTOROLA
569,22/01/2019,155,SAO PAULO,FURTO (ART. 155) - INTERIOR TRANSPORTE COLETIVO,MOTOROLA
487,31/01/2019,155,TAUBATE,FURTO (ART. 155) - RESIDENCIA,SAMSUNG
298,30/04/2018,157,TABOAO DA SERRA,,MOTOROLA
17,11/04/2018,155,SAO PAULO,FURTO (ART. 155) - OUTROS,MOTOROLA
368,30/04/2018,157,FRANCO DA ROCHA,ROUBO (ART. 157) - TRANSEUNTE,MOTOROLA
294,05/01/2018,157,SAO BERNARDO DO CAMPO,,MOTOROLA
1202,17/11/2021,155,SAO PAULO,FURTO (ART. 155) - OUTROS,SAMSUNG
631,31/08/2019,157,HORTOLANDIA,ROUBO (ART. 157) - OUTROS,MOTOROLA
419,24/01/2019,155,ILHABELA,FURTO (ART. 155) - OUTROS,MOTOROLA
305,05/01/2018,157,SUZANO,,MOTOROLA
896,28/12/2019,157,SAO PAULO,ROUBO (ART. 157) - OUTROS,SAMSUNG
1157,28/11/2021,155,SAO PAULO,FURTO (ART. 155) - OUTROS,APPLE
1320,30/11/2021,,,,APPLE
307,05/01/2018,157,SUZANO,,MOTOROLA
1356,28/02/2021,157,GUARUJA,ROUBO (ART. 157) - VEICULO,SAMSUNG
999,31/08/2020,155,SAO PAULO,FURTO (ART. 155) - OUTROS,SAMSUNG
1119,31/08/2020,155,SAO PAULO,FURTO (ART. 155) - OUTROS,MOTOROLA
1000,29/08/2020,155,SAO PAULO,FURTO (ART. 155) - OUTROS,SAMSUNG
806,31/12/2019,157,BARUERI,ROUBO (ART. 157) - VEICULO,MOTOROLA
1226,30/11/2021,155,SAO PAULO,FURTO (ART. 155) - OUTROS,MOTOROLA
1149,31/08/2020,155,BARUERI,FURTO (ART. 155) - INTERIOR ESTABELECIMENTO,MOTOROLA
1444,28/02/2020,157,TABOAO DA SERRA,ROUBO (ART. 157) - OUTROS,SAMSUNG
1189,27/11/2021,155,SAO PAULO,FURTO (ART. 155) - OUTROS,SAMSUNG
524,26/01/2019,155,IPORANGA,FURTO (ART. 155) - OUTROS,OUTROS
1059,19/08/2020,155,GUATAPARA,FURTO (ART. 155) - OUTROS,SAMSUNG
1031,29/08/2020,155,SAO GERTRUDES,FURTO (ART. 155) - OUTROS,MOTOROLA
879,01/01/2020,157,SAO PAULO,ROUBO (ART. 157) - TRANSEUNTE,SAMSUNG
56,12/01/2018,155,,FURTO (ART. 155) - TRANSEUNTE,ASUS
1223,30/11/2021,155,SAO PAULO,FURTO (ART. 155) - TRANSEUNTE,MOTOROLA
765,09/01/2019,157,SAO PAULO,ROUBO (ART. 157) - INTERIOR DE VEICULO,MOTOROLA
1475,18/02/2021,157,,,SAMSUNG
1221,28/11/2021,155,JAGUARIUNA,FURTO (ART. 155) - OUTROS,SAMSUNG
1027,09/01/2020,155,SANTOS,FURTO (ART. 155) - OUTROS,APPLE
257,30/04/2018,157,SANTO ANDRE,,IPHONE
1098,30/08/2020,155,SAO PAULO,FURTO (ART. 155) - OUTROS,SAMSUNG
1019,09/01/2020,155,SAO PAULO,FURTO (ART. 155) - OUTROS,APPLE
297,30/04/2018,157,MAUA,,SAMSUNG
909,01/01/2020,180,SAO PAULO,A.I.-RECEPTACAO (ART. 180) - VEICULO,
788,31/12/2019,157,SAO PAULO,ROUBO (ART. 157) - INTERIOR DE VEICULO,SAMSUNG
240,29/04/2018,,,,
438,29/01/2019,155,SAO PAULO,FURTO (ART. 155) - OUTROS,MOTOROLA
950,01/01/2020,157,MONGAGUA,ROUBO (ART. 157) - OUTROS,MOTOROLA
614,29/08/2019,157,SAO PAULO,ROUBO (ART. 157) - OUTROS,SAMSUNG
1046,29/08/2020,155,PIRASSUNUNGA,FURTO (ART. 155) - OUTROS,MOTOROLA
1502,03/01/2021,157,SAO PAULO,ROUBO (ART. 157) - INTERIOR DE VEICULO,SAMSUNG
183,30/11/2018,,ITU,FURTO (ART. 155) - OUTROS,MOTOROLA
722,31/08/2019,157,SAO PAULO,ROUBO (ART. 157) - OUTROS,
221,30/04/2018,,,,
1497,03/01/2021,157,SAO PAULO,ROUBO (ART. 157) - OUTROS,SAMSUNG
1458,28/02/2021,157,SAO PAULO,ROUBO (ART. 157) - INTERIOR DE VEICULO,SAMSUNG
475,26/01/2019,155,ITANHAEM,FURTO (ART. 155) - OUTROS,MOTOROLA
809,01/01/2020,157,RIBEIRAO PRETO,ROUBO (ART. 157) - TRANSEUNTE,MOTOROLA
1294,12/01/2021,155,SAO PAULO,FURTO (ART. 155) - INTERIOR DE VEICULO,SAMSUNG
1108,28/08/2020,155,SAO PAULO,FURTO (ART. 155) - OUTROS,MOTOROLA
272,30/04/2018,157,SAO PAULO,,MOTOROLA
687,31/08/2019,,,ROUBO (ART. 157) - TRANSEUNTE,MOTOROLA
696,09/01/2019,,,ROUBO (ART. 157) - TRANSEUNTE,SAMSUNG
827,01/01/2020,,,,
1357,28/02/2021,157,SAO PAULO,ROUBO (ART. 157) - VEICULO,SAMSUNG
283,30/04/2018,157,RIBEIRAO PRETO,,SAMSUNG
417,31/01/2019,155,SANTO ANDRE,FURTO (ART. 155) - OUTROS,MOTOROLA
1359,28/02/2021,157,SAO PAULO,ROUBO (ART. 157) - OUTROS,SAMSUNG
43,16/10/2018,155,,FURTO (ART. 155) - OUTROS,MOTOROLA
560,31/01/2019,171,SAO PAULO,ESTELIONATO (ART. 171),
1512,28/02/2021,157,MOGI DAS CRUZES,ROUBO (ART. 157) - VEICULO,APPLE
1219,30/11/2021,155,SAO PAULO,FURTO (ART. 155) - OUTROS,SAMSUNG
123,15/10/2018,155,SOROCABA,,LG
1375,28/02/2021,157,SAO PAULO,ROUBO (ART. 157) - TRANSEUNTE,
1530,03/01/2021,157,SAO PAULO,ROUBO (ART. 157) - OUTROS,MOTOROLA
1084,29/08/2020,155,OSASCO,FURTO (ART. 155) - OUTROS,SAMSUNG
1461,20/01/2021,157,AMERICANA,ROUBO (ART. 157) - TRANSEUNTE,XIAOMI
519,12/11/2018,155,SANTO ANDRE,FURTO (ART. 155) - OUTROS,SAMSUNG
71,30/11/2018,155,,,MOTOROLA
285,30/04/2018,157,SAO PAULO,,SAMSUNG
649,28/08/2019,157,SAO PAULO,ROUBO (ART. 157) - OUTROS,MOTOROLA
571,02/01/2019,155,SAO PAULO,FURTO QUALIFICADO (ART. 155) - INTERIOR TRANSPORTE COLETIVO,SAMSUNG
306,05/01/2018,157,SUZANO,,ASUS
515,02/01/2019,155,CATANDUVA,FURTO (ART. 155) - INTERIOR DE VEICULO,SAMSUNG
544,27/01/2019,155,SAO PAULO,FURTO (ART. 155) - INTERIOR ESTABELECIMENTO,APPLE
332,05/01/2018,157,SAO PAULO,ROUBO (ART. 157) - VEICULO,OUTROS
652,31/08/2019,157,SAO PAULO,ROUBO (ART. 157) - OUTROS,ASUS
954,31/08/2020,155,SAO PAULO,FURTO (ART. 155) - OUTROS,APPLE
104,29/11/2018,155,SAO PAULO,,LG
42,30/11/2018,155,,FURTO (ART. 155) - OUTROS,SAMSUNG
1489,28/02/2021,157,CAMPO LIMPO PAULISTA,ROUBO (ART. 157) - VEICULO,SAMSUNG
1506,28/02/2021,157,ITAQUAQUECETUBA,ROUBO (ART. 157) - VEICULO,SAMSUNG
630,09/01/1989,157,SAO PAULO,ROUBO (ART. 157) - OUTROS,LG
985,31/08/2020,155,SAO PAULO,FURTO (ART. 155) - INTERIOR DE VEICULO,SAMSUNG
456,21/01/2019,155,SAO PAULO,FURTO (ART. 155) - OUTROS,SAMSUNG
508,31/01/2019,155,SAO PAULO,FURTO (ART. 155) - OUTROS,MOTOROLA
1306,30/11/2021,155,SAO PAULO,FURTO (ART. 155) - INTERIOR DE VEICULO,MOTOROLA
486,29/01/2019,155,MACATUBA,FURTO (ART. 155) - OUTROS,MOTOROLA
351,30/04/2018,157,SAO PAULO,ROUBO (ART. 157) - TRANSEUNTE,MOTOROLA
1282,30/11/2021,155,SAO PAULO,FURTO (ART. 155) - OUTROS,XIAOMI
100,12/01/2018,155,SAO PAULO,,MOTOROLA
20,30/11/2018,155,SAO PAULO,FURTO (ART. 155) - OUTROS,LENOVO
881,31/12/2019,157,SAO PAULO,ROUBO (ART. 157) - VEICULO,APPLE
124,30/11/2018,155,SAO JOSE DOS CAMPOS,,SAMSUNG
710,31/08/2019,157,JAU,ROUBO (ART. 157) - OUTROS,
1005,29/08/2020,155,SAO PAULO,FURTO (ART. 155) - OUTROS,ASUS
73,29/11/2018,155,,,MOTOROLA
1069,31/08/2020,155,SAO PAULO,FURTO (ART. 155) - INTERIOR TRANSPORTE COLETIVO,APPLE
705,30/08/2019,157,SAO PAULO,ROUBO (ART. 157) - OUTROS,SAMSUNG
230,29/04/2018,,,,
1070,29/08/2020,155,ITAQUAQUECETUBA,FURTO (ART. 155) - OUTROS,MOTOROLA
911,01/01/2020,157,SAO PAULO,ROUBO (ART. 157) - VEICULO,APPLE
626,30/08/2019,157,SAO PAULO,ROUBO (ART. 157) - OUTROS,SAMSUNG
83,30/11/2018,155,SAO PAULO,,SAMSUNG
870,01/01/2020,157,UBATUBA,ROUBO (ART. 157) - OUTROS,APPLE
1366,28/02/2021,157,CAMPINAS,ROUBO (ART. 157) - VEICULO,XIAOMI
888,01/01/2020,157,ARACATUBA,ROUBO (ART. 157) - OUTROS,SAMSUNG
470,02/01/2019,155,SAO JOSE DO RIO PRETO,FURTO (ART. 155) - OUTROS,MOTOROLA
953,01/01/2020,157,PRAIA GRANDE,ROUBO (ART. 157) - VEICULO,XIAOMI
236,30/04/2018,,,,
152,30/11/2018,155,SAO PAULO,FURTO (ART. 155) - OUTROS,
516,31/01/2019,155,OSASCO,FURTO (ART. 155) - OUTROS,SAMSUNG
449,31/01/2019,155,JUNDIAI,FURTO (ART. 155) - OUTROS,SAMSUNG
428,27/01/2019,155,SAO PAULO,FURTO (ART. 155) - OUTROS,APPLE
412,02/01/2019,155,SAO PAULO,FURTO (ART. 155) - INTERIOR DE VEICULO,SAMSUNG
863,01/01/2020,157,DIADEMA,ROUBO (ART. 157) - TRANSEUNTE,MOTOROLA
200,29/04/2018,,SAO PAULO,ROUBO (ART. 157) - TRANSEUNTE,ASUS
1162,29/11/2021,155,OSASCO,FURTO (ART. 155) - OUTROS,SAMSUNG
1424,03/01/2021,157,SAO PAULO,ROUBO (ART. 157) - TRANSEUNTE,SAMSUNG
1043,19/03/2020,155,SAO PAULO,FURTO (ART. 155) - OUTROS,SAMSUNG
1464,27/02/2021,157,OSASCO,ROUBO (ART. 157) - TRANSEUNTE,MOTOROLA
184,30/11/2018,,SAO PAULO,FURTO (ART. 155) - OUTROS,SAMSUNG
615,30/08/2019,157,SAO PAULO,ROUBO (ART. 157) - OUTROS,SAMSUNG
1468,03/01/2021,157,SAO PAULO,ROUBO (ART. 157) - OUTROS,MOTOROLA
1344,30/11/2021,155,CAMPINAS,FURTO (ART. 155) - OUTROS,MOTOROLA
237,30/04/2018,,,,
474,31/01/2019,155,VALINHOS,FURTO (ART. 155) - OUTROS,MOTOROLA
1323,27/11/2021,,,,SAMSUNG
1194,30/11/2021,155,SAO PAULO,FURTO (ART. 155) - OUTROS,MOTOROLA
1177,30/11/2021,155,OSASCO,FURTO (ART. 155) - OUTROS,SAMSUNG
111,12/01/2018,155,JABOTICABAL,,SAMSUNG
416,30/01/2019,155,SAO PAULO,FURTO (ART. 155) - OUTROS,SAMSUNG
1371,27/02/2021,157,SAO PAULO,ROUBO (ART. 157) - OUTROS,MOTOROLA
1482,27/02/2021,157,,,SAMSUNG
323,30/04/2018,157,SAO PAULO,ROUBO (ART. 157) - INTERIOR DE VEICULO,APPLE
1498,27/02/2021,157,SAO PAULO,ROUBO (ART. 157) - TRANSEUNTE,SAMSUNG
528,02/01/2019,129,GUARUJA,LESAO CORPORAL (ART. 129),
328,30/04/2018,157,DIADEMA,ROUBO (ART. 157) - VEICULO,SAMSUNG
572,31/01/2019,155,TATUI,FURTO (ART. 155) - TRANSEUNTE,SAMSUNG
1171,30/11/2021,155,SAO PAULO,FURTO (ART. 155) - OUTROS,SAMSUNG
573,28/01/2019,155,GUARULHOS,FURTO (ART. 155) - RESIDENCIA,SAMSUNG
1205,30/11/1982,155,SAO PAULO,FURTO (ART. 155) - OUTROS,SAMSUNG
347,05/01/2018,157,SAO PAULO,ROUBO (ART. 157) - VEICULO,SAMSUNG
891,01/01/2020,157,SAO JOSE DO RIO PRETO,ROUBO (ART. 157) - TRANSEUNTE,MOTOROLA
975,31/08/2020,155,SAO PAULO,FURTO (ART. 155) - OUTROS,APPLE
905,31/12/2019,157,SAO PAULO,ROUBO (ART. 157) - TRANSEUNTE,SAMSUNG
960,31/08/2020,155,CAMPINAS,FURTO (ART. 155) - OUTROS,APPLE
195,30/11/2018,,PINDAMONHANGABA,FURTO (ART. 155) - OUTROS,MOTOROLA
751,30/08/2019,157,FERRAZ DE VASCONCELOS,ROUBO (ART. 157) - TRANSEUNTE,SAMSUNG
1263,11/01/2021,155,GUARULHOS,FURTO (ART. 155) - OUTROS,APPLE
829,01/01/2020,,,,
1374,28/02/2021,157,SAO PAULO,ROUBO (ART. 157) - VEICULO,XIAOMI
479,31/01/2019,155,SAO PAULO,FURTO QUALIFICADO (ART. 155) - RESIDENCIA,SAMSUNG
233,30/04/2018,,,,
1143,08/08/2020,155,BARUERI,FURTO (ART. 155) - OUTROS,MOTOROLA
371,05/01/2018,157,CARAPICUIBA,ROUBO (ART. 157) - OUTROS,SAMSUNG
918,01/01/2020,157,FRANCO DA ROCHA,ROUBO (ART. 157) - TRANSEUNTE,SAMSUNG
256,30/04/2018,157,SAO PAULO,,APPLE
864,01/01/2020,157,JAU,ROUBO (ART. 157) - OUTROS,OUTROS
843,01/01/2020,,,,
527,02/01/2019,147,GUARUJA,AMEACA (ART. 147),
621,31/08/2019,157,SAO PAULO,ROUBO (ART. 157) - OUTROS,MOTOROLA
1120,09/01/2020,155,HORTOLANDIA,FURTO (ART. 155) - INTERIOR DE VEICULO,MOTOROLA
246,30/04/2018,157,SAO PAULO,,LG
32,30/11/2018,155,SANTO ANDRE,FURTO (ART. 155) - OUTROS,SAMSUNG
177,28/11/2018,,SAO PAULO,FURTO (ART. 155) - INTERIOR TRANSPORTE COLETIVO,SAMSUNG
1227,30/11/2021,155,SAO PAULO,FURTO (ART. 155) - OUTROS,SAMSUNG
605,31/08/2019,157,COTIA,ROUBO (ART. 157) - VEICULO,MOTOROLA
1106,30/08/2020,155,CACAPAVA,FURTO (ART. 155) - ESTABELECIMENTO COMERCIAL,OUTROS
1369,28/02/2021,157,CAMPINAS,ROUBO (ART. 157) - VEICULO,XIAOMI
333,05/01/2018,157,SAO PAULO,ROUBO (ART. 157) - TRANSEUNTE,MOTOROLA
1405,03/01/2021,157,BAURU,ROUBO (ART. 157) - OUTROS,SAMSUNG
1334,30/11/2021,,,,SAMSUNG
860,31/12/2019,157,GUARULHOS,ROUBO (ART. 157) - VEICULO,MOTOROLA
1480,25/02/2021,157,,,SAMSUNG
9,30/11/2018,155,PIRAJUI,FURTO (ART. 155) - TRANSEUNTE,MOTOROLA
506,30/01/2019,155,SANTO ANDRE,FURTO QUALIFICADO (ART. 155) - RESIDENCIA,SAMSUNG
141,25/11/2018,155,SAO BERNARDO DO CAMPO,FURTO (ART. 155) - INTERIOR ESTABELECIMENTO,
1,30/11/2018,155,CAMPO LIMPO PAULISTA,FURTO (ART. 155) - INTERIOR DE VEICULO,SAMSUNG
982,30/08/2020,155,SAO PAULO,FURTO (ART. 155) - OUTROS,MULTILASER
70,30/11/2018,155,,,MOTOROLA
1314,28/11/2021,155,SAO PAULO,FURTO (ART. 155) - OUTROS,SAMSUNG
1121,25/08/2020,155,SAO BERNARDO DO CAMPO,FURTO (ART. 155) - OUTROS,MOTOROLA
1239,29/11/2021,155,SAO PAULO,FURTO (ART. 155) - OUTROS,MOTOROLA
884,31/12/2019,157,SAO PAULO,ROUBO (ART. 157) - TRANSEUNTE,SAMSUNG
854,01/01/2020,157,SANTOS,ROUBO (ART. 157) - OUTROS,SAMSUNG
780,31/12/2019,157,,,XIAOMI
574,31/01/2019,155,SAO PAULO,FURTO (ART. 155) - OUTROS,APPLE
1368,28/02/2021,157,CAMPINAS,ROUBO (ART. 157) - VEICULO,XIAOMI
1373,28/02/2021,157,SAO PAULO,ROUBO (ART. 157) - TRANSEUNTE,SAMSUNG
1415,03/01/2021,157,SAO PAULO,ROUBO (ART. 157) - TRANSEUNTE,SAMSUNG
1525,26/02/2021,157,CARAPICUIBA,ROUBO (ART. 157) - TRANSEUNTE,SAMSUNG
784,31/12/2019,157,,,SAMSUNG
1215,30/11/2021,155,OSASCO,FURTO (ART. 155) - OUTROS,MOTOROLA
1042,09/01/2020,155,CAMPINAS,FURTO (ART. 155) - INTERIOR TRANSPORTE COLETIVO,MOTOROLA
1349,12/01/2021,155,ITAPECERICA DA SERRA,FURTO QUALIFICADO (ART. 155) - ESTABELECIMENTO-OUTROS,APPLE
215,30/04/2018,,SAO PAULO,A.I.-ROUBO (ART. 157) - VEICULO,SAMSUNG
1022,21/08/2020,155,SAO PAULO,FURTO QUALIFICADO (ART. 155) - INTERIOR TRANSPORTE COLETIVO,LG
1095,31/08/2020,155,PRESIDENTE PRUDENTE,FURTO (ART. 155) - OUTROS,MOTOROLA
1355,28/02/2021,157,GUARUJA,ROUBO (ART. 157) - VEICULO,MOTOROLA
19,12/01/2018,155,SAO PAULO,FURTO (ART. 155) - INTERIOR DE VEICULO,SAMSUNG
355,30/04/2018,157,ARACARIGUAMA,ROUBO (ART. 157) - VEICULO,SAMSUNG
1117,09/01/2020,155,SAO PAULO,FURTO QUALIFICADO (ART. 155) - INTERIOR ESTABELECIMENTO,SAMSUNG
1111,29/08/2020,155,SAO JOSE DO RIO PRETO,FURTO (ART. 155) - RESIDENCIA,XIAOMI
1377,28/02/2021,157,SAO PAULO,ROUBO (ART. 157) - INTERIOR DE VEICULO,SAMSUNG
1006,08/10/2020,155,SAO PAULO,FURTO (ART. 155) - OUTROS,SAMSUNG
723,09/01/2019,157,SAO PAULO,ROUBO (ART. 157) - TRANSEUNTE,
1164,30/11/2021,155,SAO PAULO,FURTO (ART. 155) - OUTROS,SAMSUNG
1322,30/11/2021,,,,XIAOMI
1140,09/01/2020,155,PEDERNEIRAS,FURTO (ART. 155) - OUTROS,SAMSUNG
913,31/12/2019,157,CAJAMAR,ROUBO (ART. 157) - VEICULO,APPLE
209,30/04/2018,,COTIA,ROUBO (ART. 157) - VEICULO,MOTOROLA
491,31/01/2019,155,SAO PAULO,FURTO (ART. 155) - OUTROS,MOTOROLA
681,31/08/2019,,,ROUBO (ART. 157) - OUTROS,MOTOROLA
468,31/01/2019,155,SAO PAULO,FURTO (ART. 155) - OUTROS,MOTOROLA
334,29/04/2018,157,SAO PAULO,ROUBO (ART. 157) - TRANSEUNTE,APPLE
160,30/11/2018,155,OSASCO,FURTO (ART. 155) - OUTROS,
208,30/04/2018,,SAO PAULO,ROUBO (ART. 157) - TRANSEUNTE,SAMSUNG
1116,09/01/2020,155,SAO PAULO,FURTO (ART. 155) - OUTROS,MOTOROLA
908,31/12/2019,157,SAO PAULO,ROUBO (ART. 157) - OUTROS,HUAWEI
1296,28/11/2021,155,OSASCO,FURTO (ART. 155) - OUTROS,SAMSUNG
194,30/11/2018,,MATAO,FURTO (ART. 155) - TRANSEUNTE,SAMSUNG
867,01/01/2020,157,SAO PAULO,ROUBO (ART. 157) - OUTROS,LENOVO
510,31/01/2019,155,SAO RITA PASSA QUATRO,FURTO QUALIFICADO (ART. 155) - APLICATIVO DE MOBILIDADE URBANA,LG
1463,22/02/2021,157,SAO PAULO,ROUBO (ART. 157) - OUTROS,LG
1124,28/08/2020,155,SAO PAULO,FURTO (ART. 155) - OUTROS,MOTOROLA
1477,25/02/2021,157,,,LG
747,31/08/2019,157,SAO PAULO,ROUBO (ART. 157) - TRANSEUNTE,SAMSUNG
701,30/08/2019,157,SAO PAULO,ROUBO (ART. 157) - TRANSEUNTE,MOTOROLA
504,02/01/2019,155,ILHA COMPRIDA,FURTO (ART. 155) - OUTROS,LG

